user_id,purchase_count
7725,15
4257,15
4116,14
2503,14
2045,14
1854,14
926,14
4604,14
2178,14
2993,14
443,13
5773,13
4757,13
9270,13
6208,13
7322,13
5268,13
60,13
4365,13
2844,13
7248,13
9357,13
4478,13
3425,13
9779,13
7633,13
2750,13
3139,13
7733,13
9325,13
3397,13
6559,12
9286,12
3542,12
913,12
8207,12
9228,12
2219,12
6358,12
3229,12
8057,12
7188,12
1289,12
3282,12
3272,12
5535,12
9341,12
1088,12
2756,12
1541,12
6174,12
7549,12
1312,12
3641,12
1460,12
3951,12
3883,12
6458,12
4491,12
823,12
2167,12
7767,11
3914,11
3152,11
4769,11
1926,11
4805,11
382,11
8332,11
3862,11
6933,11
353,11
2559,11
2683,11
2682,11
3973,11
9867,11
5117,11
163,11
9762,11
467,11
3032,11
5081,11
1812,11
970,11
974,11
6795,11
5052,11
1264,11
9767,11
138,11
7705,11
9523,11
5606,11
9467,11
5936,11
3174,11
2558,11
5010,11
1999,11
6835,11
4114,11
4087,11
3680,11
6022,11
8752,11
2691,11
5678,11
4661,11
4417,11
1200,11
1632,11
852,11
6514,11
8520,11
8064,11
3552,11
4526,11
5436,11
1570,11
289,11
9581,11
838,11
4351,11
8128,11
7275,11
7329,11
5400,11
5237,11
6293,11
7242,11
4472,11
5332,11
9651,11
8156,11
1175,11
5313,11
7908,11
7797,11
1361,11
701,11
1367,10
7882,10
1351,10
9991,10
2634,10
687,10
694,10
3766,10
9901,10
9910,10
3885,10
3781,10
3899,10
5836,10
50,10
9949,10
3790,10
7818,10
7821,10
9922,10
65,10
1400,10
7898,10
1343,10
7798,10
9155,10
5378,10
4387,10
3451,10
7374,10
4306,10
2921,10
9177,10
2221,10
894,10
4464,10
7305,10
8179,10
7324,10
7326,10
5251,10
5284,10
9123,10
2292,10
2295,10
6317,10
6329,10
206,10
4357,10
8110,10
8114,10
5361,10
9137,10
8536,10
8541,10
914,10
261,10
1739,10
9245,10
496,10
2867,10
2313,10
8608,10
8611,10
6275,10
6279,10
1587,10
7511,10
2289,10
2170,10
8529,10
7191,10
7195,10
7202,10
8222,10
1128,10
8233,10
2820,10
9015,10
2321,10
6244,10
6247,10
4219,10
1246,10
1556,10
4578,10
4584,10
3352,10
4597,10
3011,10
5201,10
5208,10
6544,10
6594,10
5130,10
8659,10
6169,10
7532,10
7544,10
4182,10
4191,10
3582,10
7560,10
7561,10
1551,10
2824,10
9298,10
6614,10
4656,10
7146,10
1797,10
3050,10
9319,10
2078,10
8439,10
2064,10
2035,10
2042,10
6746,10
4686,10
1860,10
1862,10
7117,10
7119,10
9333,10
3617,10
6067,10
5616,10
8982,10
5560,10
5576,10
8999,10
9360,10
6773,10
6781,10
3138,10
9505,10
1077,10
8305,10
1875,10
1877,10
1880,10
9518,10
8948,10
760,10
1483,10
3659,10
7680,10
5000,10
8391,10
8395,10
4703,10
3278,10
9479,10
4862,10
739,10
2675,10
1447,10
7941,10
7734,10
3730,10
5992,10
6007,10
5652,10
5849,10
5884,10
2546,10
5763,10
1315,10
7929,10
7771,10
8915,10
2537,10
4905,10
8376,10
6950,10
9451,10
6917,10
3842,10
3,10
17,10
7851,9
3831,9
18,9
7800,9
1390,9
7788,9
7801,9
3792,9
3877,9
3870,9
9954,9
9936,9
3840,9
6949,9
9915,9
8886,9
5805,9
5810,9
2602,9
5878,9
8823,9
712,9
2560,9
8892,9
95,9
9875,9
3997,9
3710,9
1440,9
7922,9
9485,9
9501,9
4837,9
4859,9
3172,9
4910,9
6860,9
6868,9
1973,9
1975,9
6876,9
8369,9
6879,9
4746,9
3241,9
3250,9
4964,9
407,9
4986,9
6810,9
6827,9
6840,9
1011,9
1017,9
6848,9
7013,9
3254,9
3266,9
348,9
355,9
9478,9
4713,9
7116,9
425,9
429,9
5059,9
5067,9
3062,9
3069,9
8403,9
1895,9
1899,9
1076,9
7027,9
1858,9
1859,9
4670,9
4675,9
7121,9
7159,9
8238,9
8243,9
7161,9
1808,9
6654,9
2068,9
6720,9
9534,9
4676,9
4683,9
4684,9
8273,9
1094,9
7051,9
2138,9
2120,9
5135,9
5160,9
5171,9
5183,9
2124,9
6606,9
2103,9
8471,9
967,9
304,9
4630,9
3327,9
4641,9
4660,9
3361,9
3365,9
4587,9
4599,9
3402,9
3405,9
4513,9
9575,9
265,9
271,9
3007,9
9288,9
9292,9
2157,9
947,9
8513,9
1733,9
4414,9
234,9
4429,9
5219,9
2162,9
2175,9
8514,9
8515,9
8516,9
6504,9
3383,9
4542,9
7192,9
9583,9
3355,9
8164,9
1152,9
8184,9
4367,9
4369,9
5236,9
6477,9
892,9
6494,9
6497,9
2988,9
248,9
4492,9
3399,9
7211,9
8187,9
7335,9
1683,9
1176,9
8161,9
3514,9
4323,9
5310,9
5311,9
9203,9
6431,9
896,9
6455,9
5233,9
9215,9
4463,9
7295,9
1618,9
1622,9
5345,9
5363,9
2887,9
2893,9
9138,9
9146,9
886,9
8585,9
6388,9
6391,9
2228,9
4371,9
4374,9
4384,9
1222,9
2290,9
5388,9
2874,9
9121,9
5402,9
5411,9
2293,9
2299,9
4363,9
4366,9
7388,9
1652,9
8139,9
1185,9
1196,9
1566,9
571,9
5454,9
5460,9
5469,9
5477,9
845,9
846,9
8094,9
1202,9
7481,9
3556,9
9703,9
4285,9
8072,9
1215,9
8037,9
5517,9
5525,9
2784,9
6201,9
2338,9
8629,9
1577,9
4212,9
3560,9
3570,9
9729,9
9744,9
1578,9
7519,9
1233,9
2398,9
6134,9
8692,9
6144,9
5553,9
2763,9
8995,9
602,9
604,9
2372,9
808,9
6173,9
6189,9
7537,9
155,9
4203,9
4132,9
3633,9
4163,9
4166,9
7584,9
8005,9
7611,9
1490,9
7629,9
2449,9
6062,9
5620,9
2734,9
2735,9
6120,9
6121,9
5658,9
5676,9
2694,9
2701,9
6012,9
2468,9
2475,9
8751,9
8758,9
8759,9
4112,9
1486,9
7976,9
1286,9
7701,9
7566,9
7709,9
7721,9
7961,9
7732,9
3965,9
5712,9
5728,9
5743,9
5970,9
5977,9
2487,9
2493,9
745,9
749,9
8793,9
2708,9
7752,9
1421,9
3926,9
670,9
8919,9
5767,9
2538,9
8799,9
733,9
2517,9
2519,9
5949,9
7707,9
9849,9
9858,9
1449,9
6945,9
7855,9
2580,9
8843,9
8851,9
8869,9
5873,9
2627,9
9885,9
9894,9
9899,9
9911,9
3954,9
3892,9
3768,9
3905,9
9449,9
9455,9
342,9
1920,9
8323,9
6996,9
6881,9
6896,9
3236,9
4784,9
380,9
4807,9
4816,9
4820,9
6923,9
1944,9
9971,8
9979,8
3847,8
3853,8
3874,8
7815,8
7831,8
7835,8
1369,8
7879,8
9912,8
3783,8
3894,8
3960,8
3952,8
3763,8
3923,8
3921,8
1411,8
7932,8
7918,8
7914,8
1430,8
7738,8
7737,8
7736,8
5788,8
5781,8
5770,8
666,8
8894,8
2657,8
2656,8
2646,8
5904,8
5897,8
5890,8
2555,8
2552,8
5886,8
722,8
8819,8
5747,8
5734,8
2672,8
2668,8
8943,8
5699,8
2685,8
5684,8
5682,8
5963,8
5957,8
5924,8
2515,8
5914,8
742,8
5790,8
2474,8
2693,8
5663,8
641,8
8946,8
5648,8
2713,8
5637,8
6003,8
5985,8
8788,8
754,8
8778,8
2488,8
5984,8
5755,8
6093,8
6084,8
2429,8
2448,8
6064,8
6063,8
785,8
780,8
6051,8
2462,8
2458,8
2450,8
6046,8
6033,8
8757,8
8754,8
2387,8
6130,8
2414,8
5635,8
2723,8
5621,8
5619,8
621,8
617,8
616,8
8966,8
2744,8
5612,8
2403,8
6102,8
6096,8
2374,8
6160,8
6159,8
5602,8
8998,8
8992,8
2760,8
5558,8
5557,8
8726,8
800,8
8713,8
8705,8
8697,8
8683,8
2396,8
8630,8
2782,8
2772,8
5545,8
2800,8
598,8
592,8
2816,8
2813,8
5512,8
2367,8
2358,8
8681,8
815,8
810,8
2381,8
2310,8
6250,8
5484,8
5483,8
5471,8
2847,8
5450,8
579,8
9063,8
9057,8
2329,8
6231,8
6225,8
8648,8
8646,8
8643,8
8597,8
8590,8
2298,8
5435,8
5414,8
5404,8
557,8
9119,8
9097,8
9093,8
2876,8
5387,8
8612,8
6263,8
6261,8
6260,8
6383,8
2247,8
2246,8
2245,8
550,8
9162,8
9154,8
9133,8
2899,8
5370,8
6348,8
6336,8
2288,8
6312,8
8604,8
8598,8
6429,8
5344,8
2908,8
2905,8
5339,8
5335,8
525,8
9189,8
2929,8
5322,8
6427,8
6423,8
6418,8
6394,8
6390,8
8578,8
5296,8
5294,8
5262,8
5258,8
5249,8
513,8
9217,8
5234,8
6456,8
8568,8
898,8
895,8
893,8
2223,8
2218,8
6435,8
2971,8
5223,8
5222,8
9266,8
9258,8
9254,8
9249,8
5217,8
2990,8
6485,8
909,8
8556,8
6476,8
2185,8
6465,8
6462,8
2148,8
6520,8
9295,8
486,8
474,8
9273,8
9268,8
3002,8
2998,8
5191,8
6516,8
8517,8
2173,8
6500,8
5229,8
2979,8
8470,8
8469,8
2111,8
5169,8
9307,8
9305,8
460,8
9299,8
3033,8
3031,8
2121,8
6558,8
942,8
8508,8
8502,8
8495,8
5113,8
9326,8
9324,8
9317,8
450,8
441,8
5107,8
3053,8
3051,8
5094,8
5068,8
2083,8
6655,8
6647,8
6640,8
964,8
8413,8
8409,8
8406,8
6751,8
6747,8
3089,8
5035,8
9340,8
3100,8
3097,8
2040,8
971,8
8452,8
8431,8
6699,8
6668,8
5014,8
4992,8
4991,8
3110,8
4970,8
413,8
9373,8
4939,8
4915,8
2016,8
2007,8
2004,8
6796,8
8426,8
8416,8
998,8
8366,8
6873,8
4903,8
4877,8
4876,8
3161,8
4872,8
3177,8
3175,8
4831,8
8393,8
8392,8
1009,8
6832,8
6824,8
6819,8
6939,8
1938,8
6935,8
6930,8
3197,8
3190,8
4810,8
9437,8
9434,8
9429,8
9427,8
4799,8
6912,8
6894,8
6890,8
1020,8
8319,8
8314,8
1913,8
1906,8
6980,8
3225,8
4763,8
368,8
9458,8
9444,8
3252,8
6967,8
8356,8
8355,8
1051,8
1042,8
4718,8
4696,8
4737,8
9476,8
9469,8
9468,8
351,8
3269,8
3264,8
3255,8
4726,8
7005,8
6999,8
8338,8
8325,8
8321,8
4694,8
4689,8
4680,8
9529,8
319,8
9525,8
7022,8
8308,8
8291,8
7017,8
7016,8
340,8
334,8
9504,8
9499,8
9488,8
7136,8
4658,8
3325,8
4620,8
9547,8
309,8
308,8
9540,8
4612,8
3349,8
7106,8
7078,8
7065,8
1098,8
8275,8
7050,8
3387,8
268,8
9567,8
4508,8
3340,8
4588,8
9562,8
3371,8
3366,8
4559,8
7179,8
1806,8
7171,8
7166,8
8272,8
1810,8
4488,8
9596,8
9593,8
259,8
251,8
9587,8
7205,8
1131,8
1120,8
1118,8
8219,8
8217,8
8216,8
1779,8
4555,8
4538,8
4430,8
9624,8
245,8
239,8
9605,8
3459,8
1743,8
7268,8
7247,8
7246,8
7244,8
8213,8
8208,8
8205,8
7221,8
3400,8
3453,8
3473,8
3469,8
9646,8
9642,8
3487,8
3486,8
4372,8
1712,8
1709,8
8170,8
8167,8
7299,8
4473,8
4445,8
4443,8
3506,8
4349,8
4329,8
9668,8
9655,8
9653,8
3524,8
7372,8
7371,8
1666,8
8160,8
1171,8
1168,8
8155,8
7355,8
7337,8
7461,8
1611,8
1610,8
7446,8
1201,8
8093,8
8086,8
1626,8
1621,8
1617,8
1641,8
1640,8
1197,8
8138,8
8117,8
7390,8
1217,8
8070,8
7486,8
7482,8
4305,8
4282,8
3536,8
4279,8
4266,8
9709,8
9707,8
9688,8
9683,8
9681,8
4252,8
7474,8
1234,8
7518,8
1584,8
3547,8
9740,8
181,8
9713,8
4222,8
3567,8
3566,8
3563,8
4211,8
1572,8
7505,8
8079,8
1225,8
8030,8
1546,8
7555,8
7548,8
3588,8
3584,8
4197,8
4193,8
9764,8
9756,8
157,8
3600,8
3597,8
1567,8
1241,8
1236,8
7595,8
1520,8
7588,8
4169,8
4155,8
4146,8
146,8
9778,8
9772,8
9769,8
4123,8
7581,8
1529,8
8034,8
1258,8
1250,8
7672,8
7669,8
4121,8
4115,8
4084,8
4075,8
4072,8
133,8
4061,8
3684,8
3681,8
1484,8
7621,8
8015,8
8013,8
8001,8
109,8
9862,8
9847,8
9831,8
9829,8
4048,8
3702,8
3701,8
3694,8
3693,8
3687,8
4028,8
7702,8
1463,8
1292,8
7990,8
4020,8
3982,8
9868,8
98,8
3970,8
3966,8
3725,8
3720,8
7966,8
7963,8
7944,8
7939,8
7712,8
1453,8
3676,8
4049,8
19,8
20,8
9960,8
9994,8
3825,8
3822,8
7791,8
1391,8
7785,8
7906,8
1403,8
1402,8
1397,8
3908,8
66,8
9928,8
2600,8
5806,8
5800,8
679,8
8872,8
2631,8
2577,8
2571,8
2565,8
2562,8
702,8
2590,8
5870,8
5858,8
5856,8
5854,8
32,7
31,7
3806,7
3837,7
9997,7
16,7
7,7
1359,7
1356,7
1346,7
7878,7
7864,7
7859,7
7843,7
1366,7
3775,7
3767,7
3890,7
3887,7
3878,7
3872,7
3868,7
3864,7
3925,7
1386,7
1379,7
7787,7
7786,7
7775,7
7912,7
7903,7
9986,7
3918,7
9930,7
61,7
9921,7
9914,7
3936,7
3935,7
1338,7
1330,7
7901,7
7893,7
7888,7
1406,7
1396,7
1394,7
7772,7
7768,7
7837,7
78,7
74,7
72,7
71,7
9893,7
9880,7
3765,7
7759,7
1415,7
1414,7
7749,7
7748,7
7747,7
7743,7
1344,7
3731,7
3724,7
3723,7
3959,7
3946,7
3749,7
3742,7
3739,7
3944,7
9879,7
7920,7
1326,7
1320,7
1316,7
1433,7
7729,7
7728,7
7761,7
1309,7
1307,7
1301,7
1297,7
7934,7
1456,7
7742,7
9878,7
9877,7
9873,7
9870,7
96,7
86,7
3968,7
3961,7
3734,7
1441,7
7694,7
1472,7
1464,7
1462,7
7675,7
1288,7
7727,7
4038,7
4016,7
3705,7
3994,7
3673,7
4050,7
113,7
9854,7
9840,7
4046,7
3692,7
7981,7
7977,7
7975,7
7671,7
1482,7
7652,7
7649,7
1452,7
9816,7
9798,7
9795,7
4069,7
4065,7
4063,7
4059,7
7642,7
7639,7
7627,7
7625,7
7617,7
1280,7
4103,7
4102,7
4098,7
4080,7
9823,7
132,7
130,7
3624,7
1273,7
1270,7
8007,7
8002,7
7610,7
1519,7
7647,7
3622,7
4134,7
3650,7
3647,7
4120,7
4105,7
134,7
9782,7
3627,7
3625,7
1512,7
1508,7
7590,7
7578,7
1535,7
1532,7
1530,7
1524,7
1523,7
7577,7
8017,7
1278,7
4171,7
4164,7
3618,7
3616,7
3615,7
3614,7
3612,7
3611,7
3606,7
9763,7
1262,7
1256,7
1252,7
1251,7
7562,7
161,7
9750,7
3598,7
4178,7
4216,7
4215,7
1542,7
7556,7
7540,7
1558,7
1555,7
7525,7
4205,7
3577,7
3574,7
4198,7
4194,7
4227,7
4223,7
9741,7
168,7
166,7
9734,7
8062,7
7515,7
1547,7
9690,7
9678,7
3543,7
4243,7
4232,7
3516,7
4296,7
3533,7
4270,7
9671,7
9669,7
9665,7
9663,7
9652,7
3517,7
4370,7
4364,7
1227,7
1221,7
1598,7
1594,7
1591,7
7496,7
7495,7
7483,7
3498,7
4330,7
7464,7
7453,7
1615,7
7447,7
7440,7
9643,7
223,7
220,7
216,7
9637,7
9635,7
9632,7
3492,7
4377,7
3446,7
8084,7
7434,7
7426,7
4405,7
4398,7
3476,7
3466,7
4391,7
4389,7
242,7
236,7
232,7
230,7
9617,7
9606,7
4423,7
4415,7
4412,7
3458,7
3455,7
3450,7
4467,7
7417,7
1648,7
7413,7
8104,7
8103,7
3439,7
4457,7
4446,7
4444,7
4436,7
9627,7
9603,7
1193,7
1186,7
8137,7
8134,7
8124,7
8107,7
7401,7
1659,7
1650,7
7395,7
7421,7
258,7
246,7
4481,7
4474,7
3427,7
3418,7
3416,7
9577,7
7377,7
7365,7
7364,7
7362,7
7403,7
9571,7
9565,7
4552,7
4550,7
4544,7
4543,7
3385,7
4536,7
4522,7
4521,7
4519,7
8154,7
8146,7
1686,7
1682,7
9558,7
9552,7
3375,7
3369,7
4592,7
4589,7
3350,7
4579,7
4573,7
4571,7
4570,7
291,7
9548,7
9544,7
7334,7
7333,7
7328,7
1703,7
7315,7
7356,7
302,7
9537,7
4611,7
4605,7
4596,7
4646,7
8178,7
1160,7
1156,7
8173,7
7306,7
1726,7
1723,7
7345,7
7341,7
4642,7
4638,7
4636,7
3330,7
3326,7
4618,7
4615,7
9551,7
324,7
7281,7
1736,7
1729,7
7271,7
8182,7
9521,7
9520,7
3313,7
3312,7
3302,7
3271,7
7243,7
1753,7
7233,7
1148,7
4710,7
4707,7
3299,7
3289,7
4695,7
4685,7
9536,7
3257,7
335,7
331,7
9507,7
3280,7
4744,7
4740,7
8202,7
1766,7
7252,7
4734,7
9475,7
9473,7
356,7
352,7
349,7
4731,7
3260,7
9461,7
9454,7
9450,7
9441,7
4748,7
3253,7
3246,7
3245,7
3238,7
3209,7
7207,7
8232,7
8225,7
1126,7
1144,7
1143,7
3206,7
4781,7
4776,7
4771,7
9435,7
9431,7
7187,7
7178,7
1803,7
1802,7
1799,7
1798,7
1794,7
7170,7
7164,7
1115,7
7218,7
7217,7
376,7
9421,7
4800,7
4798,7
4797,7
4796,7
3220,7
3218,7
3214,7
4840,7
8264,7
8262,7
8258,7
8255,7
8249,7
8248,7
1824,7
1818,7
1815,7
7134,7
7126,7
1832,7
7111,7
7101,7
7098,7
1109,7
4824,7
3199,7
3195,7
4811,7
9410,7
9400,7
9398,7
4861,7
3183,7
3179,7
4891,7
7083,7
1856,7
1851,7
8289,7
1100,7
4887,7
4881,7
4879,7
4878,7
3158,7
4875,7
4864,7
9418,7
401,7
1087,7
8283,7
8281,7
1872,7
1869,7
1865,7
7090,7
4949,7
4940,7
3153,7
3151,7
3148,7
3146,7
4901,7
4895,7
7040,7
7036,7
7034,7
1882,7
1876,7
7023,7
7020,7
415,7
9375,7
9361,7
3135,7
3128,7
4994,7
4989,7
4988,7
3120,7
4982,7
9382,7
9358,7
9348,7
1074,7
7019,7
7046,7
9338,7
9337,7
3107,7
3094,7
5005,7
5042,7
3092,7
3088,7
3079,7
5022,7
9359,7
3049,7
3048,7
1060,7
1058,7
1054,7
8331,7
8326,7
8315,7
5071,7
5065,7
5064,7
5063,7
5060,7
5056,7
5053,7
5125,7
1907,7
6978,7
6972,7
6963,7
6962,7
6954,7
5124,7
5115,7
449,7
448,7
5110,7
5100,7
3057,7
5139,7
5137,7
1047,7
1046,7
1039,7
1038,7
1939,7
1914,7
462,7
461,7
3040,7
5185,7
5182,7
3020,7
5175,7
5162,7
5153,7
2986,7
6924,7
6911,7
6907,7
1962,7
6880,7
5209,7
9282,7
9280,7
9274,7
5199,7
3012,7
495,7
9262,7
9242,7
9240,7
5216,7
5213,7
2994,7
515,7
1034,7
1030,7
1027,7
1026,7
1024,7
6878,7
6931,7
509,7
506,7
9218,7
5231,7
2981,7
2974,7
2972,7
5226,7
6856,7
8394,7
8390,7
1005,7
8383,7
8381,7
2000,7
5273,7
5265,7
2955,7
5250,7
5238,7
9233,7
9231,7
9227,7
6834,7
6829,7
2015,7
2011,7
6802,7
6797,7
6866,7
5298,7
5293,7
5292,7
5291,7
5282,7
5281,7
9214,7
2031,7
2026,7
6768,7
6767,7
6762,7
8422,7
9204,7
532,7
524,7
9191,7
9176,7
2928,7
5320,7
2894,7
5357,7
5343,7
2906,7
2902,7
2878,7
992,7
8408,7
8397,7
2046,7
2039,7
2034,7
6782,7
2870,7
5385,7
547,7
543,7
9161,7
9157,7
9140,7
9134,7
5377,7
5376,7
2898,7
2056,7
2053,7
6724,7
6722,7
8461,7
562,7
9108,7
9106,7
9104,7
9101,7
9100,7
5395,7
5394,7
2884,7
2880,7
9089,7
8448,7
8438,7
8437,7
8429,7
2077,7
2073,7
6691,7
9062,7
2859,7
5461,7
6671,7
6670,7
2084,7
6642,7
6636,7
8460,7
2848,7
2846,7
2839,7
2838,7
576,7
5513,7
5501,7
5488,7
2825,7
2821,7
5476,7
5474,7
8482,7
963,7
8479,7
8467,7
8464,7
6627,7
2110,7
586,7
585,7
9039,7
9029,7
2819,7
2812,7
5539,7
5536,7
2100,7
6601,7
2126,7
2117,7
2114,7
6589,7
2803,7
2789,7
2788,7
5529,7
5518,7
5571,7
5567,7
5561,7
5559,7
5554,7
2781,7
2773,7
5540,7
6572,7
2135,7
2134,7
6556,7
6553,7
951,7
2105,7
610,7
9005,7
8994,7
8991,7
8986,7
620,7
8501,7
8489,7
8486,7
6536,7
2155,7
2147,7
2146,7
615,7
8969,7
8962,7
5618,7
2749,7
2745,7
2743,7
2707,7
2706,7
938,7
933,7
924,7
8523,7
8521,7
2172,7
2169,7
940,7
8511,7
5638,7
5633,7
5631,7
2736,7
8951,7
8947,7
644,7
643,7
636,7
631,7
5657,7
2715,7
2712,7
922,7
921,7
908,7
8551,7
8550,7
6473,7
5687,7
5680,7
8936,7
8933,7
2196,7
6449,7
2163,7
2161,7
8931,7
659,7
656,7
650,7
647,7
8930,7
8925,7
8921,7
5706,7
5738,7
5732,7
2673,7
5721,7
5720,7
668,7
906,7
900,7
6438,7
6433,7
6470,7
2190,7
8910,7
8906,7
8904,7
8901,7
8898,7
5744,7
6411,7
6407,7
2230,7
6443,7
8879,7
8878,7
2633,7
2628,7
5830,7
5803,7
5802,7
5799,7
5853,7
5852,7
5841,7
2608,7
2605,7
2598,7
5833,7
5832,7
2566,7
879,7
8575,7
8571,7
6381,7
6374,7
2253,7
6417,7
700,7
696,7
2592,7
2582,7
2581,7
5871,7
723,7
6373,7
2269,7
2266,7
2264,7
6354,7
8830,7
5883,7
5872,7
2573,7
2535,7
2530,7
5895,7
5891,7
5889,7
8841,7
6327,7
6316,7
6303,7
6300,7
6295,7
2242,7
8803,7
8797,7
5910,7
5908,7
2545,7
5925,7
2528,7
5920,7
735,7
731,7
8596,7
8595,7
870,7
864,7
862,7
2303,7
6289,7
6286,7
6342,7
6332,7
5965,7
2511,7
2510,7
2501,7
5952,7
5994,7
8618,7
8613,7
841,7
839,7
8609,7
6272,7
8602,7
8601,7
8794,7
751,7
8783,7
8780,7
8771,7
8770,7
8769,7
2492,7
2489,7
8765,7
6252,7
2330,7
2325,7
6235,7
6223,7
6222,7
8756,7
764,7
8753,7
2478,7
2473,7
6015,7
8742,7
832,7
830,7
8638,7
8623,7
6216,7
6215,7
6211,7
6205,7
2319,7
2318,7
8731,7
8727,7
6048,7
6047,7
6032,7
6025,7
2444,7
6180,7
6175,7
6172,7
2368,7
2364,7
2354,7
834,7
2438,7
6059,7
6058,7
6057,7
6055,7
8749,7
8746,7
8744,7
8743,7
812,7
811,7
8663,7
8656,7
2378,7
2376,7
6087,7
6086,7
2428,7
2417,7
6075,7
6071,7
2415,7
2411,7
2408,7
6114,7
6113,7
6145,7
6143,7
8710,7
8704,7
8695,7
8690,7
8682,7
26,7
22,7
9961,7
3834,7
3829,7
3820,7
3817,7
9990,7
48,7
9937,7
9934,7
3863,7
3860,7
9968,7
9972,7
34,6
3849,6
3851,6
9935,6
9938,6
37,6
40,6
42,6
7886,6
7881,6
7865,6
9951,6
9947,6
3771,6
3896,6
3881,6
3788,6
3785,6
3873,6
3753,6
7836,6
7828,6
7827,6
7811,6
6068,6
2399,6
2395,6
2394,6
2385,6
6129,6
6128,6
6119,6
6118,6
2409,6
6111,6
6099,6
6154,6
6151,6
6146,6
801,6
8674,6
8658,6
8650,6
8649,6
2369,6
6162,6
6156,6
6193,6
6188,6
6085,6
6083,6
2431,6
2418,6
6081,6
6079,6
6070,6
6178,6
6177,6
6166,6
2363,6
2362,6
2360,6
2357,6
8645,6
2440,6
2435,6
6065,6
6053,6
8745,6
6092,6
6091,6
820,6
824,6
8642,6
8640,6
6220,6
6210,6
6204,6
782,6
776,6
8738,6
8735,6
8730,6
2451,6
6035,6
6030,6
2442,6
6187,6
6248,6
2328,6
6237,6
6236,6
6233,6
6278,6
6273,6
8764,6
773,6
768,6
763,6
761,6
6021,6
2477,6
6016,6
8739,6
847,6
8610,6
8607,6
8606,6
6270,6
6262,6
2320,6
8790,6
752,6
8776,6
2491,6
2484,6
6023,6
2314,6
2306,6
6254,6
871,6
869,6
861,6
8593,6
2301,6
5974,6
5973,6
5953,6
2509,6
2502,6
2498,6
5950,6
5945,6
5941,6
6000,6
855,6
2542,6
2539,6
5938,6
5921,6
2527,6
2525,6
2521,6
2518,6
2516,6
2514,6
5918,6
740,6
734,6
2481,6
5982,6
872,6
2284,6
2279,6
2275,6
6311,6
6310,6
6307,6
6305,6
6301,6
2244,6
8814,6
8810,6
8808,6
8795,6
5913,6
5912,6
5907,6
2569,6
2568,6
2567,6
2534,6
2532,6
5902,6
5894,6
5892,6
5888,6
2553,6
8840,6
8839,6
8835,6
729,6
8817,6
6326,6
6366,6
6362,6
6360,6
2270,6
2268,6
2259,6
6353,6
8580,6
889,6
716,6
711,6
8832,6
8825,6
8820,6
2575,6
2572,6
8577,6
8573,6
6377,6
2249,6
6419,6
705,6
699,6
8866,6
8863,6
8861,6
8856,6
8854,6
8847,6
720,6
2241,6
6368,6
5797,6
8890,6
689,6
5866,6
5865,6
5861,6
5857,6
5855,6
5851,6
5848,6
5837,6
8868,6
888,6
885,6
880,6
874,6
8874,6
8870,6
2641,6
5779,6
5774,6
5769,6
5764,6
5831,6
5829,6
2625,6
2622,6
2617,6
2615,6
2612,6
2610,6
5816,6
685,6
6414,6
6412,6
2240,6
2238,6
2236,6
2231,6
6404,6
6400,6
6393,6
8589,6
8584,6
6441,6
682,6
8881,6
8875,6
8565,6
8562,6
904,6
903,6
902,6
897,6
2212,6
664,6
8905,6
8896,6
5761,6
2651,6
2648,6
2642,6
5758,6
686,6
5696,6
5739,6
5729,6
2666,6
2664,6
2662,6
2660,6
5718,6
5710,6
5708,6
8944,6
8938,6
678,6
6440,6
8569,6
8566,6
2189,6
2187,6
2184,6
6461,6
6454,6
2206,6
2203,6
2200,6
2198,6
2193,6
6451,6
6444,6
8932,6
658,6
652,6
5702,6
6474,6
6471,6
6527,6
6515,6
2674,6
5689,6
5688,6
5685,6
5681,6
2695,6
5671,6
5669,6
5668,6
5667,6
8956,6
8955,6
8981,6
8953,6
8950,6
639,6
632,6
8945,6
5655,6
2720,6
5695,6
2684,6
6484,6
919,6
8557,6
8546,6
8545,6
6483,6
6510,6
930,6
929,6
923,6
8524,6
2168,6
2166,6
5644,6
5641,6
5632,6
2738,6
2733,6
2729,6
2728,6
2722,6
5622,6
8507,6
8503,6
8497,6
8493,6
6535,6
2156,6
2149,6
6588,6
6580,6
8974,6
8973,6
8967,6
8964,6
8959,6
2740,6
5614,6
2139,6
2130,6
6549,6
6548,6
6545,6
2108,6
5593,6
5586,6
9013,6
613,6
606,6
9003,6
8983,6
5585,6
2761,6
622,6
5522,6
5519,6
9055,6
5582,6
5581,6
5552,6
2787,6
2775,6
2771,6
5550,6
5546,6
5605,6
5599,6
6579,6
6569,6
2143,6
2097,6
6603,6
6599,6
2122,6
6597,6
6595,6
6593,6
6591,6
6629,6
8484,6
5534,6
2798,6
2794,6
2793,6
5531,6
5530,6
955,6
8480,6
8468,6
6625,6
6623,6
6620,6
6689,6
6679,6
591,6
588,6
583,6
9042,6
9025,6
9021,6
2811,6
2809,6
5439,6
580,6
575,6
9090,6
5511,6
5502,6
5497,6
5494,6
5492,6
2835,6
2832,6
2822,6
5475,6
9052,6
9045,6
957,6
5467,6
6675,6
6674,6
6673,6
6672,6
6667,6
2091,6
6641,6
6637,6
6633,6
8450,6
2852,6
2840,6
5448,6
5445,6
5441,6
6705,6
6693,6
6730,6
6729,6
9074,6
9070,6
9068,6
9067,6
9064,6
2853,6
5431,6
5424,6
5423,6
5420,6
5418,6
5413,6
2055,6
6726,6
6718,6
6712,6
8418,6
8417,6
9126,6
9122,6
9117,6
5393,6
9080,6
8449,6
8443,6
8440,6
8435,6
6709,6
6750,6
6743,6
2041,6
6739,6
6735,6
6780,6
2871,6
9173,6
544,6
5405,6
9132,6
6728,6
6727,6
2063,6
2060,6
2058,6
5333,6
2889,6
5362,6
5359,6
5353,6
5352,6
5351,6
5350,6
2907,6
2904,6
5337,6
5336,6
2872,6
1003,6
994,6
8396,6
6777,6
2030,6
2028,6
6766,6
6764,6
6763,6
6760,6
6756,6
1998,6
1991,6
9206,6
9205,6
521,6
9188,6
9181,6
9179,6
2013,6
2010,6
2005,6
6807,6
6798,6
6788,6
6869,6
5305,6
5304,6
2940,6
2939,6
2935,6
5288,6
5287,6
5285,6
5334,6
1015,6
1013,6
8380,6
6842,6
8379,6
8370,6
2956,6
2952,6
5253,6
5252,6
5245,6
9232,6
5317,6
5314,6
1990,6
6836,6
1021,6
6877,6
1979,6
1977,6
6932,6
505,6
9219,6
9216,6
5230,6
2977,6
2975,6
5280,6
5275,6
6855,6
6847,6
8388,6
5206,6
3006,6
492,6
490,6
9259,6
9255,6
9247,6
9235,6
5218,6
5214,6
2996,6
516,6
8368,6
1035,6
1028,6
1022,6
6922,6
6905,6
1968,6
1960,6
1958,6
6897,6
6895,6
6889,6
6944,6
6942,6
5211,6
5210,6
9296,6
9289,6
481,6
9271,6
9297,6
3044,6
3043,6
3039,6
3001,6
3000,6
2999,6
5195,6
3025,6
5178,6
5174,6
5173,6
5161,6
5148,6
2983,6
6925,6
8360,6
8353,6
8352,6
1050,6
1049,6
1041,6
8343,6
6936,6
1909,6
9306,6
9304,6
9300,6
469,6
456,6
455,6
454,6
6977,6
1930,6
1921,6
6965,6
6955,6
6946,6
7004,6
6994,6
5119,6
9323,6
453,6
446,6
442,6
9314,6
9310,6
8362,6
6990,6
6989,6
6985,6
1915,6
1080,6
1079,6
5098,6
5097,6
5089,6
3072,6
5054,6
5047,6
5046,6
5127,6
1908,6
6983,6
4996,6
4995,6
5045,6
5041,6
5038,6
5036,6
3091,6
3085,6
3083,6
3081,6
5033,6
5020,6
8341,6
1065,6
8329,6
6993,6
1068,6
8296,6
8292,6
7018,6
1903,6
1902,6
1893,6
7011,6
7045,6
428,6
426,6
423,6
9329,6
3108,6
3105,6
3104,6
4957,6
3137,6
4993,6
4990,6
3124,6
3118,6
3117,6
3116,6
3114,6
4987,6
4985,6
9383,6
1075,6
1073,6
1071,6
1070,6
7042,6
7039,6
7035,6
1883,6
7031,6
7021,6
8312,6
1095,6
1089,6
417,6
410,6
409,6
9374,6
9365,6
9364,6
4966,6
8280,6
8279,6
8278,6
1870,6
1867,6
1864,6
1857,6
7094,6
4950,6
4943,6
4922,6
4920,6
4908,6
4898,6
419,6
418,6
1845,6
7075,6
7074,6
7071,6
7070,6
7062,6
7156,6
7140,6
3168,6
3160,6
4868,6
399,6
398,6
4952,6
4951,6
8285,6
4802,6
9438,6
394,6
390,6
9412,6
9411,6
9404,6
9401,6
9395,6
9394,6
9387,6
4857,6
4893,6
7084,6
1855,6
1847,6
7135,6
7129,6
7115,6
1835,6
1828,6
7112,6
7100,6
1107,6
4834,6
4830,6
4828,6
4819,6
4818,6
4813,6
3198,6
3196,6
1805,6
7162,6
389,6
378,6
375,6
9425,6
9424,6
4855,6
8252,6
8244,6
8241,6
8234,6
1823,6
1783,6
1782,6
7139,6
7203,6
7197,6
7194,6
1788,6
4792,6
4790,6
4787,6
4786,6
4783,6
4780,6
3223,6
4772,6
4767,6
4765,6
1781,6
7181,6
3267,6
3259,6
4762,6
366,6
358,6
9453,6
9446,6
9440,6
4753,6
3212,6
7210,6
7206,6
8228,6
1121,6
1119,6
8220,6
8199,6
8193,6
8189,6
8188,6
7225,6
1775,6
1774,6
1768,6
1765,6
1762,6
1761,6
7250,6
4738,6
4732,6
354,6
347,6
3297,6
3293,6
3288,6
3286,6
3258,6
4729,6
4725,6
4722,6
4720,6
341,6
333,6
9497,6
9483,6
3283,6
3273,6
1142,6
4712,6
7249,6
1751,6
1749,6
1747,6
7240,6
7239,6
7231,6
7226,6
8212,6
8211,6
7292,6
7290,6
4711,6
4708,6
4706,6
1742,6
1741,6
1731,6
1730,6
7270,6
7264,6
8183,6
322,6
320,6
318,6
315,6
9526,6
4672,6
3311,6
3308,6
3307,6
1154,6
8174,6
1725,6
7302,6
7296,6
4643,6
4635,6
3323,6
4629,6
4622,6
9550,6
9532,6
7289,6
7288,6
7285,6
7283,6
1700,6
7308,6
7307,6
7358,6
305,6
297,6
9542,6
9541,6
9538,6
4614,6
4613,6
3346,6
3338,6
4647,6
8181,6
1162,6
3370,6
4566,6
4594,6
3364,6
3351,6
4580,6
9563,6
9561,6
288,6
287,6
7339,6
7336,6
7330,6
7321,6
1711,6
1710,6
8148,6
8145,6
1684,6
1681,6
7351,6
7347,6
7393,6
7389,6
278,6
9559,6
9556,6
9555,6
9553,6
3379,6
3377,6
3376,6
4496,6
4489,6
4484,6
4547,6
3395,6
3386,6
4537,6
4529,6
4514,6
9579,6
284,6
282,6
1173,6
1166,6
8158,6
8152,6
7368,6
7367,6
7366,6
7363,6
7361,6
7359,6
7402,6
275,6
269,6
9570,6
9569,6
9568,6
9564,6
4510,6
3412,6
4500,6
1661,6
7400,6
7397,6
7420,6
9600,6
9595,6
249,6
247,6
3421,6
3414,6
4471,6
277,6
7385,6
7380,6
7373,6
1667,6
1637,6
1636,6
7416,6
7414,6
7411,6
7408,6
4466,6
4461,6
3445,6
3437,6
4434,6
4431,6
4424,6
9629,6
4482,6
8121,6
4397,6
4395,6
3475,6
3471,6
3467,6
4393,6
9620,6
9619,6
9612,6
4411,6
4469,6
7418,6
1646,6
1643,6
1639,6
1638,6
3448,6
8100,6
1211,6
1208,6
1207,6
1204,6
8092,6
8085,6
7437,6
7435,6
1627,6
1624,6
7480,6
7478,6
4401,6
4400,6
7468,6
7462,6
7458,6
7454,6
7450,6
1608,6
1602,6
7439,6
7438,6
7510,6
8082,6
9640,6
228,6
219,6
9638,6
3485,6
1238,6
1237,6
4362,6
3505,6
3499,6
3497,6
4361,6
4352,6
4346,6
4344,6
4333,6
4325,6
9677,6
9675,6
9650,6
9645,6
9674,6
210,6
203,6
9661,6
9659,6
4324,6
4322,6
4321,6
4319,6
4318,6
1223,6
1218,6
8076,6
8073,6
8065,6
7488,6
4245,6
4239,6
4236,6
4230,6
3511,6
4302,6
4290,6
4288,6
4283,6
3537,6
3534,6
3528,6
4274,6
4272,6
4262,6
9710,6
8052,6
8048,6
8046,6
8045,6
8044,6
7520,6
7517,6
1580,6
1575,6
1569,6
1545,6
187,6
9697,6
9695,6
9694,6
9689,6
4189,6
9765,6
4228,6
4226,6
9738,6
9737,6
178,6
177,6
172,6
9735,6
9717,6
3565,6
9705,6
190,6
8059,6
8054,6
7533,6
1564,6
1563,6
1560,6
1554,6
7528,6
7526,6
7571,6
7568,6
4214,6
4213,6
4209,6
3580,6
3579,6
3578,6
3575,6
1249,6
8023,6
1548,6
1514,6
1513,6
9755,6
159,6
9749,6
9747,6
9745,6
3604,6
3601,6
3594,6
3590,6
4179,6
7538,6
7592,6
7583,6
1527,6
7574,6
4168,6
4165,6
4157,6
4154,6
4147,6
9761,6
7563,6
8043,6
8041,6
8040,6
8035,6
8032,6
4117,6
4107,6
9790,6
9786,6
140,6
137,6
9781,6
9775,6
9774,6
4144,6
4140,6
4138,6
3631,6
3630,6
4177,6
4173,6
3623,6
1277,6
1266,6
8012,6
8006,6
7598,6
1518,6
1517,6
1516,6
7643,6
4131,6
3653,6
3646,6
3644,6
3640,6
4118,6
1503,6
1502,6
1499,6
1496,6
7626,6
7623,6
7616,6
8022,6
7998,6
3658,6
4100,6
4097,6
4094,6
4071,6
9827,6
9820,6
7980,6
7972,6
7668,6
7663,6
1473,6
1455,6
122,6
9815,6
9807,6
9806,6
9794,6
4066,6
4058,6
3668,6
3666,6
7638,6
3993,6
3990,6
3986,6
3671,6
3670,6
112,6
110,6
9864,6
9859,6
9850,6
9833,6
3691,6
128,6
127,6
7997,6
7986,6
4040,6
1445,6
1471,6
1470,6
1461,6
7691,6
7684,6
7999,6
7726,6
4026,6
4021,6
4017,6
4010,6
3716,6
3709,6
4003,6
7760,6
7964,6
7952,6
7949,6
7946,6
7724,6
7718,6
7715,6
7714,6
7931,6
9869,6
94,6
87,6
85,6
3962,6
3690,6
7754,6
7751,6
1340,6
3956,6
3947,6
3750,6
3746,6
3740,6
3976,6
7925,6
7923,6
7919,6
1323,6
7917,6
1438,6
7735,6
1405,6
7838,6
9904,6
84,6
9884,6
9883,6
3930,6
3758,6
3754,6
3733,6
3732,6
7758,6
1423,6
1420,6
1413,6
7757,6
7793,6
7790,6
7780,6
9984,6
3919,6
3916,6
67,6
58,6
9927,6
9919,6
9917,6
3904,6
3902,6
1336,6
1329,6
7890,6
46,6
4,6
3848,6
3843,6
3836,6
2,6
1,6
14,6
11,6
5,6
35,6
3897,6
3779,6
9981,6
9977,6
1345,6
8712,6
8701,6
8689,6
8684,6
6137,6
6132,6
8679,6
9973,6
25,6
9958,6
9957,6
3835,6
9992,6
3815,6
3814,6
52,6
9999,5
9998,5
8,5
9,5
9996,5
9978,5
9955,5
9952,5
9950,5
3845,5
41,5
38,5
9945,5
9944,5
9940,5
63,5
56,5
9909,5
9907,5
9906,5
9900,5
9898,5
80,5
79,5
77,5
3854,5
3850,5
3809,5
73,5
70,5
69,5
9896,5
9891,5
9889,5
9886,5
9882,5
9881,5
99,5
93,5
89,5
117,5
3793,5
3784,5
3880,5
3876,5
3871,5
3865,5
114,5
9846,5
9844,5
9834,5
9830,5
9819,5
9817,5
126,5
3769,5
3796,5
121,5
9808,5
9805,5
9804,5
9802,5
9800,5
9797,5
9796,5
9791,5
9789,5
9788,5
9787,5
148,5
142,5
141,5
135,5
9784,5
9783,5
9780,5
9777,5
9770,5
3912,5
3909,5
3903,5
3901,5
3900,5
3776,5
156,5
154,5
152,5
9739,5
180,5
179,5
176,5
3761,5
3759,5
3755,5
3927,5
3915,5
9716,5
189,5
9701,5
9700,5
9699,5
9696,5
9693,5
3764,5
9685,5
9684,5
9672,5
205,5
204,5
202,5
198,5
9670,5
9657,5
9647,5
9644,5
9641,5
229,5
227,5
226,5
224,5
3950,5
3949,5
3747,5
3737,5
217,5
9636,5
9634,5
9631,5
9626,5
9625,5
243,5
240,5
237,5
9616,5
9615,5
9609,5
3977,5
3964,5
3729,5
3721,5
3719,5
9607,5
9604,5
9594,5
260,5
252,5
9576,5
276,5
273,5
266,5
9574,5
9566,5
3999,5
3996,5
3988,5
3985,5
3979,5
279,5
9557,5
9554,5
9546,5
307,5
303,5
299,5
295,5
9539,5
9535,5
325,5
317,5
3712,5
3711,5
3708,5
3704,5
4001,5
313,5
311,5
9515,5
330,5
329,5
9510,5
9506,5
9503,5
9495,5
9493,5
9492,5
9489,5
9486,5
9484,5
4025,5
4024,5
4018,5
3718,5
3717,5
9474,5
9464,5
372,5
371,5
363,5
9456,5
3697,5
3696,5
3689,5
3686,5
4036,5
4034,5
4029,5
9452,5
9445,5
387,5
385,5
383,5
379,5
374,5
9426,5
9416,5
9413,5
3672,5
4053,5
4052,5
4047,5
403,5
393,5
391,5
9408,5
9403,5
9396,5
9392,5
420,5
412,5
9380,5
9378,5
9372,5
9371,5
4062,5
3678,5
3677,5
3674,5
9356,5
9353,5
9352,5
9350,5
9349,5
437,5
431,5
430,5
427,5
9345,5
9339,5
9335,5
9334,5
4092,5
4089,5
4081,5
4078,5
4076,5
4074,5
9330,5
9327,5
9321,5
440,5
9301,5
470,5
466,5
465,5
463,5
3664,5
3662,5
3660,5
9287,5
9285,5
485,5
477,5
9275,5
501,5
9261,5
9257,5
9256,5
9251,5
9250,5
9248,5
9246,5
9238,5
3648,5
3638,5
4119,5
4111,5
4110,5
3669,5
9234,5
9229,5
9226,5
9225,5
9223,5
517,5
510,5
3629,5
3628,5
4130,5
507,5
9207,5
529,5
9196,5
9195,5
9194,5
9187,5
9186,5
9184,5
9183,5
9180,5
546,5
541,5
539,5
538,5
536,5
9170,5
4151,5
4149,5
4143,5
4142,5
3636,5
9163,5
9153,5
9152,5
9151,5
9147,5
9145,5
9144,5
4170,5
4161,5
4158,5
4156,5
4153,5
3621,5
3619,5
9136,5
9131,5
9128,5
9125,5
9124,5
566,5
561,5
560,5
555,5
553,5
551,5
9113,5
3599,5
3593,5
4183,5
4181,5
4180,5
9103,5
9102,5
9095,5
9092,5
9091,5
578,5
577,5
573,5
569,5
9083,5
3586,5
4195,5
4192,5
4187,5
3605,5
9082,5
9081,5
9077,5
9075,5
9065,5
9060,5
9059,5
9058,5
595,5
594,5
3564,5
4217,5
4210,5
4207,5
587,5
584,5
9040,5
9032,5
9028,5
9026,5
9024,5
9020,5
9019,5
9018,5
612,5
4229,5
4225,5
611,5
609,5
603,5
601,5
9010,5
9006,5
9004,5
9000,5
8997,5
8996,5
8990,5
8988,5
8980,5
619,5
8978,5
8976,5
8965,5
3553,5
3551,5
3544,5
8949,5
638,5
654,5
648,5
8929,5
8924,5
8920,5
8918,5
8916,5
676,5
675,5
4267,5
4261,5
4260,5
4256,5
4253,5
4250,5
3557,5
3555,5
671,5
8912,5
8902,5
8900,5
8895,5
8893,5
8887,5
3529,5
3526,5
4277,5
4275,5
4273,5
4269,5
4268,5
690,5
684,5
681,5
8873,5
8871,5
8867,5
710,5
709,5
707,5
704,5
695,5
8862,5
8855,5
4297,5
4293,5
4291,5
3541,5
3540,5
8852,5
8849,5
8848,5
8845,5
8838,5
8837,5
725,5
4309,5
4303,5
8833,5
8831,5
8828,5
8827,5
737,5
8809,5
8804,5
8791,5
755,5
748,5
744,5
8785,5
8779,5
8773,5
8772,5
8760,5
8755,5
8741,5
788,5
781,5
8737,5
8736,5
8729,5
8723,5
805,5
804,5
797,5
794,5
793,5
792,5
8722,5
8721,5
8720,5
4347,5
4339,5
8718,5
8711,5
8708,5
8707,5
8693,5
8691,5
8688,5
8676,5
821,5
816,5
814,5
8667,5
8664,5
3507,5
3503,5
3502,5
3501,5
3494,5
835,5
833,5
8633,5
8631,5
8628,5
8626,5
8614,5
850,5
848,5
8600,5
857,5
3482,5
3479,5
8594,5
8591,5
8588,5
8583,5
8579,5
881,5
878,5
877,5
8574,5
891,5
920,5
917,5
915,5
912,5
911,5
907,5
8559,5
8553,5
3462,5
4386,5
4383,5
4382,5
4380,5
4378,5
8547,5
8544,5
8543,5
8542,5
8538,5
8535,5
8534,5
8530,5
937,5
936,5
4408,5
4407,5
4404,5
4394,5
3474,5
935,5
8526,5
8518,5
953,5
948,5
8509,5
4419,5
4416,5
4410,5
3457,5
8498,5
8496,5
8485,5
960,5
8474,5
986,5
982,5
977,5
8462,5
8451,5
8445,5
8444,5
8441,5
8436,5
4449,5
4447,5
4438,5
4437,5
4435,5
4427,5
8425,5
995,5
991,5
988,5
987,5
8414,5
8411,5
8407,5
8405,5
3432,5
4455,5
4453,5
4452,5
8389,5
8377,5
8375,5
8372,5
1033,5
1031,5
1029,5
1025,5
1023,5
8364,5
8363,5
8359,5
1045,5
1037,5
3419,5
3415,5
4470,5
4459,5
3443,5
3442,5
8345,5
8342,5
8337,5
1056,5
1053,5
8333,5
4490,5
4477,5
3429,5
3428,5
8322,5
8320,5
8317,5
8316,5
8309,5
8306,5
1072,5
8298,5
8295,5
8294,5
8290,5
1097,5
3408,5
3407,5
4505,5
4502,5
4497,5
1096,5
1091,5
1086,5
8286,5
8284,5
8282,5
8277,5
1114,5
1112,5
1105,5
8269,5
4520,5
4518,5
4515,5
4511,5
4509,5
3413,5
3409,5
8259,5
8257,5
8245,5
8242,5
8240,5
8235,5
8227,5
8215,5
8210,5
1146,5
1141,5
3382,5
4535,5
4534,5
4530,5
4528,5
4527,5
1136,5
1135,5
1134,5
8204,5
8203,5
8197,5
8192,5
8191,5
8176,5
8175,5
1155,5
4554,5
4551,5
4549,5
4548,5
4545,5
3394,5
1153,5
8169,5
1179,5
1177,5
1169,5
8151,5
8141,5
8135,5
8133,5
4569,5
4568,5
4562,5
4560,5
8129,5
8127,5
8123,5
8115,5
8113,5
1213,5
1212,5
1206,5
1203,5
8091,5
8088,5
1228,5
3358,5
3354,5
4585,5
4582,5
1219,5
8078,5
8071,5
8069,5
8067,5
1245,5
1243,5
1242,5
1239,5
1235,5
1231,5
8058,5
8053,5
8051,5
3337,5
3336,5
4590,5
3363,5
8049,5
8039,5
8033,5
1261,5
1260,5
1257,5
1253,5
8029,5
8026,5
8016,5
1275,5
4617,5
4608,5
4602,5
3348,5
3347,5
3345,5
3344,5
1265,5
8010,5
8008,5
8003,5
1296,5
1281,5
7991,5
4633,5
4628,5
4627,5
4626,5
4623,5
7988,5
7978,5
7971,5
7968,5
1300,5
1299,5
7956,5
7950,5
7947,5
7945,5
7942,5
7938,5
4649,5
4639,5
4637,5
4634,5
3333,5
3332,5
3328,5
7933,5
7928,5
1325,5
1324,5
1317,5
7913,5
7907,5
1342,5
3306,5
4657,5
4652,5
1334,5
1331,5
7902,5
7896,5
7895,5
7891,5
1358,5
1352,5
7884,5
7883,5
7877,5
7875,5
7874,5
7870,5
7869,5
7868,5
7866,5
4678,5
4677,5
4674,5
4671,5
4669,5
4667,5
3316,5
7847,5
7840,5
1374,5
1368,5
1363,5
7834,5
7832,5
7830,5
3291,5
4688,5
7824,5
7822,5
7814,5
7809,5
7799,5
1381,5
1377,5
7779,5
7777,5
1398,5
7769,5
7765,5
7764,5
7762,5
1424,5
3281,5
3277,5
3275,5
3274,5
4709,5
4702,5
4699,5
1418,5
1417,5
1412,5
1409,5
7755,5
3263,5
3261,5
4728,5
4727,5
4716,5
1436,5
1429,5
1425,5
7741,5
7723,5
7719,5
1443,5
7704,5
7700,5
7695,5
7693,5
7692,5
1468,5
4741,5
4735,5
4733,5
3268,5
1458,5
1457,5
7688,5
7686,5
7681,5
7677,5
7674,5
7673,5
7670,5
7667,5
7666,5
7665,5
7661,5
7660,5
1485,5
1479,5
1478,5
1475,5
7659,5
7648,5
7644,5
7641,5
1489,5
7615,5
7612,5
3226,5
3222,5
4779,5
4768,5
7605,5
7603,5
7600,5
1511,5
1509,5
7594,5
7589,5
7585,5
1536,5
1528,5
7576,5
7572,5
7567,5
1552,5
1550,5
3211,5
3210,5
3208,5
4789,5
4782,5
3233,5
1549,5
1544,5
1540,5
7559,5
7553,5
7543,5
7531,5
1568,5
1561,5
3193,5
4809,5
4803,5
3221,5
1557,5
1553,5
7527,5
7523,5
1579,5
1574,5
7509,5
7504,5
1600,5
1596,5
1590,5
1586,5
1585,5
7493,5
4827,5
4825,5
4817,5
4812,5
7484,5
7479,5
7477,5
7476,5
7475,5
7467,5
7465,5
7460,5
7457,5
7451,5
4849,5
4848,5
4847,5
4842,5
4839,5
4836,5
4829,5
1605,5
1604,5
1603,5
7448,5
7445,5
1629,5
1623,5
1620,5
7431,5
7428,5
7427,5
7425,5
7422,5
3185,5
3184,5
4853,5
4852,5
4850,5
1633,5
7415,5
7405,5
1664,5
1663,5
4860,5
3189,5
3188,5
1662,5
1658,5
1656,5
1655,5
1651,5
7398,5
7392,5
7384,5
7378,5
7375,5
1677,5
1675,5
7360,5
1696,5
4890,5
3169,5
3166,5
7338,5
7332,5
7323,5
1698,5
1697,5
7317,5
7309,5
1728,5
1727,5
1714,5
7303,5
7298,5
3149,5
3145,5
3142,5
4907,5
4904,5
4894,5
7291,5
7287,5
7286,5
7277,5
1740,5
1734,5
7272,5
7267,5
7258,5
7251,5
7241,5
1758,5
1757,5
4923,5
4919,5
4917,5
4914,5
4909,5
3157,5
3156,5
3154,5
3150,5
1748,5
7228,5
7220,5
7214,5
4941,5
4936,5
4929,5
4928,5
4926,5
7212,5
7208,5
7196,5
1791,5
1787,5
1786,5
1777,5
7184,5
1801,5
1796,5
7175,5
3133,5
3131,5
3127,5
4955,5
4953,5
4946,5
1821,5
1820,5
7155,5
7152,5
7147,5
7133,5
7132,5
7131,5
7130,5
7127,5
7120,5
1840,5
1837,5
1834,5
4963,5
4962,5
4959,5
3136,5
1833,5
1830,5
7109,5
7099,5
7097,5
7096,5
7092,5
7085,5
7082,5
3115,5
3113,5
4981,5
4978,5
1848,5
1846,5
1842,5
7076,5
7072,5
7069,5
7061,5
7059,5
7058,5
7056,5
7055,5
7054,5
7053,5
5009,5
5006,5
5001,5
4998,5
1866,5
7047,5
7044,5
7037,5
7033,5
1887,5
1885,5
1884,5
1881,5
1879,5
7028,5
3106,5
3102,5
3099,5
5017,5
5016,5
5015,5
5012,5
1892,5
1890,5
7003,5
6998,5
1916,5
6970,5
6969,5
1931,5
1927,5
1924,5
1923,5
1922,5
6960,5
3082,5
5034,5
5032,5
5031,5
5030,5
5029,5
5023,5
5021,5
3109,5
6956,5
6951,5
6948,5
6947,5
6941,5
1952,5
1951,5
5051,5
5048,5
3093,5
3084,5
1947,5
1946,5
1945,5
1942,5
1940,5
6934,5
6929,5
6921,5
3076,5
3063,5
5062,5
6920,5
6916,5
6915,5
6914,5
6909,5
6904,5
1957,5
1956,5
1955,5
6900,5
6891,5
6887,5
6884,5
1983,5
1981,5
5080,5
5077,5
5076,5
5075,5
5074,5
3077,5
1976,5
1971,5
6871,5
6870,5
6864,5
6854,5
6853,5
6850,5
6849,5
6844,5
6843,5
3056,5
3055,5
3054,5
3052,5
3046,5
5099,5
5095,5
5088,5
5086,5
1993,5
1988,5
1987,5
6837,5
6831,5
6828,5
5114,5
5112,5
5103,5
5102,5
6825,5
6821,5
6815,5
2012,5
6805,5
6804,5
6800,5
6794,5
6790,5
6786,5
6778,5
6776,5
2025,5
3030,5
5129,5
5126,5
5120,5
5118,5
2023,5
2017,5
6761,5
6759,5
6758,5
6755,5
2044,5
2043,5
5150,5
5146,5
5145,5
5142,5
3042,5
2062,5
2061,5
2049,5
6721,5
6713,5
2072,5
2071,5
2066,5
2065,5
6710,5
6706,5
5170,5
5168,5
5166,5
5163,5
5156,5
6701,5
6700,5
6697,5
6688,5
6687,5
6683,5
2092,5
2088,5
2087,5
2082,5
3023,5
3017,5
5180,5
5179,5
6653,5
6652,5
6651,5
6648,5
6645,5
6639,5
6632,5
6631,5
6630,5
6626,5
6621,5
6617,5
6616,5
2109,5
2104,5
3005,5
3004,5
5196,5
5193,5
5190,5
5181,5
3029,5
3028,5
2102,5
2101,5
6609,5
6608,5
6602,5
2128,5
2984,5
5212,5
5205,5
5197,5
3013,5
3009,5
3008,5
2125,5
2119,5
2118,5
6587,5
6573,5
6571,5
6570,5
2137,5
2136,5
2132,5
2967,5
5227,5
5221,5
2991,5
2987,5
6546,5
6542,5
6539,5
6538,5
6534,5
2160,5
2159,5
2154,5
2145,5
5247,5
5244,5
5243,5
2970,5
6522,5
6517,5
6509,5
2174,5
2171,5
6499,5
6496,5
6490,5
6489,5
6482,5
2192,5
6466,5
6459,5
6457,5
2205,5
2960,5
2958,5
2957,5
2954,5
2953,5
5260,5
5257,5
5256,5
2199,5
6453,5
2222,5
2213,5
2209,5
5277,5
5272,5
5271,5
5270,5
5269,5
5267,5
5266,5
5264,5
5261,5
6422,5
6410,5
2239,5
2233,5
2226,5
6405,5
6396,5
2944,5
2943,5
2941,5
2934,5
5289,5
5283,5
6389,5
6387,5
6384,5
6382,5
6379,5
2254,5
2252,5
6372,5
6370,5
6359,5
2272,5
2267,5
5315,5
5308,5
5307,5
5301,5
5300,5
5299,5
5295,5
2265,5
2261,5
2258,5
6355,5
6352,5
6349,5
6347,5
2927,5
2919,5
6345,5
6344,5
6340,5
6335,5
6333,5
6331,5
6328,5
2286,5
2280,5
2274,5
2273,5
6320,5
6319,5
6298,5
6297,5
2909,5
2903,5
2901,5
5340,5
5331,5
5329,5
2932,5
2931,5
2297,5
2296,5
6287,5
6274,5
6269,5
6264,5
6259,5
6256,5
6255,5
6253,5
6249,5
2336,5
2333,5
5355,5
5348,5
2916,5
2915,5
2913,5
2911,5
2327,5
2326,5
2324,5
6243,5
2892,5
2891,5
2888,5
5372,5
5364,5
6228,5
2348,5
2346,5
2345,5
2340,5
2337,5
6194,5
6192,5
6181,5
6179,5
6176,5
2361,5
5380,5
2373,5
6150,5
6139,5
2392,5
6127,5
6124,5
6115,5
2402,5
6106,5
6103,5
6094,5
2430,5
2426,5
2420,5
6066,5
2447,5
5401,5
5398,5
5391,5
2445,5
2443,5
2437,5
6061,5
6054,5
6052,5
6045,5
6042,5
6039,5
6034,5
6024,5
6019,5
2479,5
5427,5
5422,5
5417,5
5416,5
5412,5
2472,5
6017,5
6014,5
6011,5
6009,5
6004,5
5999,5
5997,5
5996,5
2865,5
2864,5
2858,5
2857,5
2856,5
2855,5
5433,5
2495,5
2494,5
2485,5
5981,5
5979,5
5976,5
5969,5
5967,5
5959,5
5955,5
2512,5
2841,5
5447,5
5444,5
5442,5
5438,5
2500,5
2499,5
5948,5
5937,5
5935,5
5934,5
5932,5
5930,5
2529,5
2526,5
2523,5
5465,5
5463,5
5462,5
2849,5
2522,5
5911,5
5909,5
5906,5
2543,5
2541,5
2533,5
2531,5
5900,5
2556,5
2554,5
2833,5
2829,5
2828,5
5482,5
5887,5
5885,5
5877,5
2564,5
2591,5
2586,5
2583,5
5862,5
5859,5
2599,5
2594,5
5505,5
5504,5
5503,5
5498,5
2619,5
2616,5
2611,5
5821,5
5820,5
5819,5
5818,5
5813,5
5812,5
5808,5
5807,5
5801,5
5798,5
5793,5
2640,5
5514,5
5508,5
5507,5
2632,5
2630,5
5787,5
5778,5
5776,5
5772,5
5760,5
2653,5
2652,5
2647,5
5757,5
5754,5
5749,5
2797,5
2796,5
5532,5
5746,5
5745,5
5737,5
5735,5
5730,5
5727,5
2669,5
2667,5
5725,5
5723,5
5722,5
5715,5
5713,5
2778,5
2776,5
5541,5
5703,5
2689,5
2686,5
2681,5
2677,5
5694,5
2698,5
2690,5
5675,5
5666,5
5664,5
5573,5
5572,5
5569,5
5564,5
5661,5
5650,5
2719,5
2718,5
2714,5
5645,5
2724,5
5630,5
5625,5
5624,5
5617,5
2754,5
2753,5
2759,5
2758,5
5577,5
2748,5
2746,5
2741,5
5613,5
5610,5
5603,5
5600,5
5597,5
5595,5
5584,5
13,5
9974,5
9964,5
28,5
3823,5
3818,5
9980,4
9975,4
9969,4
9967,4
9966,4
9965,4
36,4
803,4
3833,4
3830,4
43,4
5611,4
5596,4
5589,4
5587,4
5583,4
802,4
798,4
796,4
8766,4
772,4
771,4
8740,4
4345,4
2765,4
2764,4
5580,4
5579,4
5578,4
5636,4
3838,4
4343,4
4340,4
4338,4
4337,4
8717,4
4317,4
3525,4
8728,4
806,4
5627,4
5626,4
5623,4
5615,4
9942,4
9941,4
68,4
64,4
59,4
57,4
2766,4
9929,4
5654,4
5651,4
5647,4
5643,4
5568,4
5565,4
8685,4
8680,4
8678,4
747,4
8784,4
8654,4
819,4
818,4
807,4
8671,4
8670,4
8668,4
3508,4
8706,4
8702,4
5562,4
5555,4
5551,4
2780,4
5659,4
9924,4
9923,4
9916,4
54,4
9905,4
83,4
82,4
3861,4
5679,4
2705,4
2699,4
2692,4
5677,4
5673,4
3504,4
3496,4
4356,4
4354,4
8662,4
837,4
5701,4
5700,4
2688,4
2687,4
2680,4
2679,4
2678,4
2676,4
5693,4
9908,4
831,4
828,4
827,4
826,4
8816,4
8805,4
8636,4
5544,4
5543,4
5538,4
2801,4
2799,4
5705,4
5704,4
5731,4
2670,4
2665,4
5665,4
8627,4
8624,4
8622,4
8620,4
8619,4
8617,4
8615,4
854,4
8644,4
8605,4
5724,4
5719,4
5714,4
2777,4
3859,4
3857,4
3852,4
3816,4
3810,4
5548,4
76,4
75,4
9897,4
5527,4
5526,4
5742,4
5741,4
5740,4
713,4
8834,4
8829,4
8821,4
741,4
730,4
3483,4
3478,4
4376,4
4373,4
8587,4
851,4
844,4
843,4
2650,4
2649,4
2644,4
5753,4
5752,4
5751,4
5750,4
2795,4
2792,4
2626,4
5789,4
3808,4
5782,4
5777,4
9890,4
9888,4
9887,4
9866,4
100,4
90,4
2654,4
4300,4
4299,4
718,4
875,4
3464,4
4392,4
3515,4
3513,4
4313,4
4312,4
4310,4
4308,4
2810,4
2808,4
2807,4
2805,4
5515,4
5510,4
2636,4
2635,4
2613,4
5822,4
5815,4
5811,4
5796,4
2814,4
3787,4
3875,4
3867,4
4287,4
4286,4
8846,4
8844,4
8836,4
724,4
721,4
918,4
916,4
910,4
8560,4
3470,4
5499,4
5495,4
5491,4
5490,4
5486,4
2603,4
934,4
931,4
928,4
927,4
925,4
4385,4
4381,4
4379,4
3493,4
8540,4
954,4
5828,4
5827,4
5825,4
5824,4
9856,4
9855,4
9853,4
9852,4
952,4
950,4
949,4
945,4
939,4
8512,4
8510,4
8506,4
8505,4
8504,4
3472,4
8853,4
9843,4
5867,4
5863,4
5850,4
5846,4
5842,4
5840,4
2606,4
5875,4
5874,4
2570,4
2593,4
2588,4
2587,4
2579,4
2578,4
5869,4
2830,4
2826,4
4298,4
4420,4
4413,4
3460,4
3456,4
8499,4
8492,4
8490,4
5473,4
5881,4
9841,4
9836,4
9832,4
9828,4
9826,4
9822,4
9821,4
9818,4
5905,4
8483,4
968,4
961,4
958,4
8876,4
8858,4
2540,4
2557,4
2549,4
3772,4
3770,4
3895,4
3888,4
3882,4
4448,4
8477,4
8475,4
8472,4
8466,4
8465,4
985,4
984,4
983,4
979,4
978,4
976,4
8491,4
4271,4
124,4
5468,4
5466,4
5464,4
5459,4
5456,4
5455,4
5917,4
5915,4
5946,4
5931,4
123,4
119,4
9813,4
9810,4
688,4
683,4
680,4
8459,4
8458,4
8446,4
8442,4
8433,4
4432,4
9801,4
2842,4
5453,4
5452,4
2504,4
4428,4
8432,4
8430,4
8424,4
8420,4
691,4
3532,4
3531,4
3530,4
4280,4
2508,4
149,4
145,4
143,4
139,4
9776,4
3911,4
3910,4
993,4
990,4
989,4
8415,4
8410,4
8404,4
8401,4
4442,4
4440,4
4433,4
3906,4
2863,4
2861,4
5437,4
5432,4
2486,4
5983,4
5980,4
3777,4
3774,4
9757,4
5971,4
165,4
164,4
160,4
6002,4
6001,4
5998,4
5993,4
5988,4
3438,4
3436,4
3435,4
3434,4
3433,4
4456,4
4454,4
8399,4
1002,4
8889,4
5426,4
5425,4
5419,4
5410,4
5409,4
2476,4
2471,4
2466,4
6044,4
6043,4
6041,4
6040,4
8384,4
1018,4
1016,4
1014,4
1004,4
8339,4
6031,4
6018,4
9751,4
175,4
174,4
173,4
8371,4
8365,4
8354,4
1044,4
1040,4
3422,4
3420,4
8909,4
8908,4
8899,4
8891,4
672,4
3757,4
6056,4
2459,4
2452,4
6049,4
5406,4
5396,4
2883,4
667,4
8914,4
4465,4
4462,4
3444,4
8349,4
2877,4
2434,4
3752,4
3751,4
3922,4
3920,4
3913,4
3760,4
1063,4
1057,4
1052,4
8330,4
4265,4
4258,4
4255,4
673,4
2425,4
2424,4
2423,4
2421,4
6077,4
6074,4
6073,4
6069,4
6110,4
6109,4
4493,4
4487,4
4486,4
4475,4
8311,4
8336,4
6098,4
6090,4
6088,4
2432,4
2427,4
9728,4
8923,4
677,4
8310,4
1082,4
1081,4
8302,4
8299,4
8297,4
9720,4
9715,4
6126,4
6122,4
2416,4
4501,4
4498,4
1090,4
662,4
660,4
655,4
653,4
8260,4
8256,4
8287,4
1110,4
1108,4
1104,4
8270,4
8268,4
2405,4
2401,4
6141,4
6133,4
2400,4
2393,4
8942,4
8941,4
8940,4
8935,4
4507,4
4506,4
3411,4
3410,4
8266,4
8263,4
2386,4
2382,4
2370,4
6149,4
6148,4
2875,4
2410,4
8253,4
8250,4
8226,4
8224,4
1130,4
8952,4
646,4
642,4
640,4
637,4
8209,4
5386,4
5384,4
5382,4
5375,4
2900,4
2897,4
2383,4
6171,4
2388,4
6168,4
6167,4
6165,4
6164,4
2365,4
2356,4
2355,4
2353,4
2384,4
6206,4
2869,4
1147,4
1145,4
1140,4
3548,4
3546,4
3545,4
4249,4
4248,4
4241,4
1157,4
6199,4
6198,4
6197,4
6195,4
6191,4
6217,4
6170,4
4533,4
4532,4
8206,4
8201,4
8198,4
8221,4
8972,4
2350,4
2349,4
2344,4
2341,4
9704,4
194,4
191,4
188,4
186,4
185,4
6203,4
8971,4
8970,4
8968,4
8196,4
8195,4
8185,4
8180,4
8177,4
1161,4
4540,4
183,4
182,4
9702,4
6230,4
2886,4
5368,4
6229,4
6227,4
2351,4
2332,4
2323,4
6234,4
3943,4
3941,4
3938,4
3934,4
184,4
1151,4
1150,4
8168,4
8166,4
8165,4
628,4
623,4
8977,4
8975,4
3380,4
3932,4
3929,4
2309,4
2308,4
2305,4
6245,4
2334,4
5354,4
6283,4
8159,4
1180,4
1178,4
1167,4
8157,4
4556,4
4553,4
4541,4
8993,4
6277,4
6276,4
6271,4
6268,4
6267,4
2317,4
2312,4
2311,4
5341,4
5328,4
3933,4
2300,4
2291,4
6291,4
6290,4
6288,4
9687,4
9679,4
213,4
212,4
630,4
8143,4
1194,4
1192,4
1191,4
8142,4
3368,4
6323,4
6308,4
6306,4
6299,4
2304,4
6341,4
6339,4
6337,4
4567,4
4561,4
8130,4
605,4
9002,4
8116,4
8105,4
8101,4
8099,4
8098,4
3374,4
3373,4
4218,4
2285,4
2282,4
2277,4
6324,4
9667,4
9666,4
9660,4
9654,4
9649,4
225,4
207,4
2922,4
5324,4
5323,4
5321,4
5318,4
5316,4
6343,4
2287,4
3573,4
8095,4
1210,4
1198,4
8089,4
8080,4
1230,4
1229,4
3359,4
8120,4
4577,4
2947,4
2263,4
2262,4
6356,4
6351,4
6375,4
2256,4
2251,4
2250,4
218,4
4576,4
4575,4
4574,4
4572,4
1224,4
8077,4
4240,4
4233,4
9014,4
2243,4
3955,4
3945,4
3741,4
3738,4
214,4
5302,4
9012,4
9011,4
8074,4
1244,4
8061,4
8060,4
3339,4
3357,4
3356,4
4583,4
4598,4
2946,4
2942,4
2933,4
5286,4
6385,4
8047,4
9037,4
593,4
2225,4
6403,4
6399,4
6395,4
9630,4
9628,4
244,4
241,4
231,4
9622,4
9621,4
1248,4
8021,4
8018,4
1274,4
4610,4
9613,4
9610,4
6426,4
2965,4
6425,4
6424,4
6416,4
6413,4
6409,4
1269,4
1268,4
1267,4
8011,4
3569,4
3568,4
4208,4
4204,4
3589,4
3587,4
1295,4
2215,4
2210,4
6430,4
3975,4
3974,4
3967,4
3963,4
3728,4
1290,4
1287,4
7996,4
7994,4
7993,4
7989,4
4609,4
4603,4
3343,4
9602,4
9599,4
2950,4
5259,4
2201,4
2195,4
6450,4
6448,4
6447,4
2180,4
6460,4
2207,4
2202,4
6491,4
6486,4
6481,4
3322,4
3320,4
4632,4
4619,4
7987,4
7985,4
7984,4
7983,4
7982,4
8000,4
9046,4
6479,4
6472,4
2191,4
2182,4
9597,4
9592,4
256,4
254,4
2179,4
9044,4
597,4
7979,4
7969,4
1311,4
1310,4
1308,4
1305,4
1302,4
7957,4
9584,4
6508,4
6505,4
6503,4
6502,4
6523,4
5242,4
6480,4
7953,4
7951,4
7943,4
7935,4
4651,4
9066,4
9061,4
9056,4
9049,4
5235,4
2980,4
2976,4
6519,4
9580,4
9578,4
270,4
267,4
264,4
262,4
9573,4
9585,4
292,4
290,4
6540,4
2151,4
2150,4
6533,4
6532,4
6530,4
6529,4
6526,4
6524,4
5240,4
4650,4
4645,4
4644,4
3324,4
7926,4
1328,4
7962,4
7958,4
5224,4
5220,4
5215,4
6552,4
6550,4
6547,4
2141,4
2140,4
2133,4
9560,4
7909,4
1341,4
1339,4
1335,4
3581,4
4200,4
4199,4
4186,4
9073,4
3304,4
2129,4
6565,4
6564,4
6563,4
6562,4
6560,4
6555,4
6554,4
6590,4
6586,4
2966,4
6576,4
6568,4
6567,4
6566,4
3995,4
3991,4
3981,4
3980,4
3978,4
285,4
2131,4
4666,4
4665,4
4664,4
4662,4
4659,4
4653,4
1333,4
1319,4
1318,4
1313,4
7916,4
9086,4
2985,4
5198,4
3010,4
2127,4
2123,4
2113,4
6598,4
6596,4
5192,4
6583,4
5188,4
5186,4
5184,4
2099,4
6613,4
6611,4
6610,4
6604,4
6600,4
6644,4
6643,4
9549,4
6628,4
6624,4
6622,4
2112,4
2107,4
2106,4
5194,4
9545,4
306,4
294,4
9543,4
9533,4
9085,4
1360,4
1357,4
1355,4
1354,4
1347,4
7885,4
3305,4
7862,4
9528,4
316,4
3713,4
3027,4
3022,4
3014,4
5177,4
5176,4
6650,4
6634,4
2095,4
2093,4
2090,4
6662,4
6657,4
6686,4
9530,4
7861,4
7858,4
4687,4
9098,4
9094,4
581,4
568,4
567,4
9088,4
4673,4
6682,4
6681,4
3706,4
4008,4
4007,4
4006,4
4000,4
312,4
6646,4
7854,4
7853,4
7852,4
7848,4
7844,4
7842,4
7880,4
7871,4
7867,4
5165,4
5164,4
5154,4
6695,4
9516,4
9512,4
338,4
337,4
6685,4
9111,4
9107,4
7839,4
1375,4
1362,4
7829,4
3300,4
3298,4
332,4
9509,4
6716,4
6714,4
6711,4
2076,4
2075,4
2070,4
2069,4
5172,4
4691,4
4690,4
7826,4
4175,4
552,4
6704,4
6738,4
6737,4
6736,4
6731,4
2059,4
2057,4
6725,4
6719,4
5149,4
336,4
9120,4
7813,4
7810,4
7808,4
7806,4
7795,4
1385,4
5140,4
5134,4
5133,4
5132,4
2033,4
6741,4
6769,4
6754,4
6708,4
1378,4
7778,4
558,4
1404,4
6744,4
2047,4
2038,4
2037,4
9508,4
9502,4
9494,4
9490,4
9487,4
4023,4
5144,4
1399,4
1393,4
7773,4
7770,4
7766,4
3279,4
1388,4
1387,4
3034,4
5131,4
2021,4
2020,4
2019,4
6799,4
6748,4
4701,4
4700,4
1419,4
7753,4
1439,4
1408,4
9142,4
6791,4
6789,4
6787,4
2032,4
3041,4
6814,4
6809,4
6808,4
2009,4
9130,4
3262,4
4723,4
4721,4
4719,4
3285,4
3284,4
1432,4
7730,4
2001,4
6806,4
3715,4
3714,4
9470,4
6792,4
7716,4
7713,4
1451,4
9143,4
4167,4
4162,4
4159,4
3610,4
7685,4
5109,4
5104,4
3061,4
3060,4
3059,4
3058,4
6820,4
5092,4
1448,4
1444,4
7708,4
7696,4
1466,4
3244,4
7739,4
9164,4
1994,4
1992,4
1989,4
1986,4
1985,4
6839,4
6830,4
5116,4
5111,4
6857,4
9156,4
9150,4
9148,4
3242,4
4743,4
4739,4
4736,4
7657,4
6845,4
1997,4
3047,4
369,4
364,4
361,4
359,4
5090,4
7679,4
7678,4
1481,4
4761,4
4759,4
4756,4
4145,4
3635,4
3634,4
3607,4
9459,4
1974,4
1970,4
6867,4
4150,4
4755,4
4754,4
3251,4
3248,4
1477,4
1476,4
1474,4
7658,4
7651,4
6883,4
6874,4
1984,4
5085,4
5084,4
4039,4
4030,4
7634,4
7631,4
7628,4
549,4
545,4
9169,4
9190,4
9442,4
6910,4
1966,4
1961,4
1959,4
6899,4
6888,4
9185,4
9182,4
9178,4
9174,4
9172,4
1500,4
1498,4
1495,4
1492,4
7618,4
7654,4
3224,4
3068,4
5061,4
5058,4
6918,4
6913,4
9430,4
377,4
9428,4
9422,4
9420,4
9414,4
9443,4
404,4
5039,4
3087,4
3086,4
1948,4
1941,4
6928,4
6926,4
5026,4
5024,4
6957,4
3071,4
4778,4
4770,4
7609,4
9199,4
9197,4
6943,4
6938,4
1950,4
5050,4
5049,4
4056,4
4054,4
4041,4
7602,4
7597,4
1510,4
1506,4
1505,4
7580,4
7613,4
3230,4
400,4
397,4
1935,4
1929,4
6966,4
6959,4
3080,4
3078,4
5028,4
5027,4
7554,4
7552,4
1533,4
1531,4
1522,4
1521,4
7573,4
7570,4
7569,4
7564,4
1911,4
1910,4
1905,4
6981,4
6979,4
6974,4
6973,4
6971,4
7010,4
7009,4
7007,4
402,4
6986,4
392,4
9409,4
9407,4
9406,4
9402,4
9391,4
9390,4
1918,4
527,4
523,4
522,4
4793,4
4788,4
1543,4
1539,4
9386,4
9385,4
3101,4
3096,4
3095,4
5019,4
5013,4
5011,4
1896,4
7015,4
7014,4
7032,4
7006,4
1874,4
1873,4
1900,4
9384,4
9381,4
421,4
9389,4
7545,4
7541,4
9210,4
531,4
7501,4
7500,4
4804,4
3219,4
3215,4
7524,4
7521,4
4122,4
9376,4
9369,4
9367,4
4073,4
5004,4
4997,4
3123,4
3119,4
1861,4
7043,4
7041,4
3652,4
508,4
7514,4
1583,4
7512,4
7506,4
7503,4
1599,4
7079,4
7077,4
7068,4
7067,4
7064,4
7063,4
7060,4
7057,4
7052,4
4984,4
4983,4
1849,4
7103,4
7038,4
7492,4
7491,4
4823,4
3632,4
4136,4
4127,4
4126,4
4125,4
4124,4
1607,4
1606,4
4846,4
4814,4
3205,4
3202,4
3200,4
7485,4
7473,4
9230,4
7086,4
4068,4
4067,4
3685,4
9220,4
512,4
7459,4
1614,4
1609,4
4843,4
9363,4
9355,4
9351,4
4967,4
4956,4
3141,4
4841,4
4833,4
7444,4
7443,4
7442,4
7436,4
1631,4
3645,4
3639,4
4113,4
4109,4
1826,4
7138,4
7125,4
7124,4
7122,4
7118,4
7114,4
7113,4
1838,4
4971,4
4969,4
3682,4
7407,4
1630,4
1628,4
1625,4
7424,4
3187,4
3180,4
4845,4
4844,4
1809,4
7154,4
7142,4
3130,4
3129,4
3126,4
9239,4
9237,4
3651,4
3649,4
3178,4
1634,4
7412,4
4947,4
1817,4
1814,4
1813,4
435,4
433,4
432,4
422,4
4867,4
4865,4
9264,4
9260,4
9253,4
9252,4
9244,4
491,4
4093,4
7180,4
1807,4
1804,4
1800,4
1793,4
7172,4
7167,4
4948,4
7399,4
7394,4
7387,4
7381,4
7379,4
7376,4
7370,4
7369,4
3164,4
3163,4
1670,4
7198,4
7189,4
7186,4
7183,4
7182,4
4937,4
4935,4
4932,4
7204,4
7201,4
4090,4
4088,4
4086,4
4083,4
4082,4
9328,4
7165,4
1669,4
1665,4
7353,4
9279,4
9276,4
500,4
499,4
493,4
9318,4
452,4
451,4
7227,4
1771,4
1770,4
1767,4
1764,4
7224,4
7223,4
3171,4
3170,4
1693,4
1690,4
1688,4
1687,4
7352,4
7350,4
7348,4
7346,4
7342,4
7340,4
7327,4
7216,4
4916,4
4913,4
4912,4
1750,4
1745,4
7237,4
7235,4
7232,4
7230,4
7260,4
1759,4
1756,4
1755,4
1754,4
4921,4
444,4
9309,4
9303,4
7325,4
1707,4
1705,4
1704,4
1702,4
1701,4
7319,4
9291,4
9290,4
480,4
478,4
1715,4
3667,4
1738,4
1735,4
1732,4
7266,4
7263,4
7261,4
3147,4
3144,4
4902,4
4900,4
4899,4
4897,4
4896,4
7294,4
7293,4
7311,4
7310,4
1720,4
9302,4
7301,4
3663,4
3143,4
9985,4
10,4
9993,4
3803,4
3802,4
3839,4
784,4
783,4
778,4
777,4
775,4
8734,4
23,4
21,4
9962,4
9956,4
9953,4
9948,4
6,4
27,3
24,3
12,3
786,3
51,3
3846,3
3801,3
3804,3
3821,3
3819,3
9989,3
0,3
9983,3
9982,3
2767,3
787,3
4350,3
3518,3
8768,3
8762,3
8761,3
774,3
767,3
790,3
2762,3
5575,3
5574,3
2751,3
2742,3
2739,3
445,3
9312,3
9311,3
7219,3
7313,3
9284,3
483,3
476,3
468,3
7276,3
7274,3
7273,3
1744,3
7262,3
7256,3
4906,3
475,3
473,3
472,3
9281,3
1685,3
7349,3
7344,3
4911,3
7238,3
7236,3
7234,3
9320,3
7255,3
7245,3
1760,3
1752,3
1772,3
1769,3
1763,3
4933,3
4888,3
4885,3
4884,3
4883,3
4882,3
4880,3
3173,3
1692,3
1680,3
1678,3
1674,3
1672,3
4931,3
4930,3
7200,3
4085,3
4077,3
9331,3
1668,3
7357,3
7354,3
9277,3
9269,3
498,3
497,3
4889,3
1776,3
1773,3
7173,3
7168,3
489,3
7396,3
7382,3
7404,3
3162,3
7163,3
1792,3
1790,3
1789,3
1785,3
1784,3
1778,3
4934,3
9343,3
9347,3
9346,3
1811,3
4874,3
4873,3
4869,3
4866,3
4863,3
1660,3
487,3
9265,3
9342,3
9332,3
7177,3
1795,3
7174,3
4954,3
1827,3
9236,3
3176,3
4858,3
4856,3
1645,3
1644,3
1642,3
1635,3
3159,3
4944,3
4942,3
1819,3
1816,3
424,3
1839,3
7409,3
7432,3
7430,3
7419,3
1647,3
3181,3
9243,3
7158,3
7151,3
7149,3
7148,3
7145,3
7144,3
7143,3
7141,3
9362,3
9354,3
4965,3
4961,3
4958,3
1831,3
1829,3
7102,3
7441,3
3642,3
4108,3
4106,3
7410,3
1825,3
7107,3
7123,3
4060,3
4057,3
3683,3
3112,3
9221,3
518,3
7469,3
7466,3
7463,3
7456,3
7455,3
7452,3
1613,3
1612,3
3679,3
3675,3
4128,3
4815,3
3203,3
3201,3
7489,3
7487,3
7499,3
7498,3
7095,3
7089,3
7087,3
7080,3
1853,3
1850,3
4070,3
4064,3
3111,3
4980,3
4977,3
4976,3
4975,3
4974,3
4973,3
4972,3
1843,3
1841,3
7105,3
1588,3
4826,3
511,3
4135,3
4133,3
1886,3
504,3
1582,3
1576,3
1573,3
1571,3
7508,3
7507,3
7502,3
7073,3
7066,3
7049,3
7048,3
1868,3
5008,3
9379,3
9209,3
534,3
533,3
3192,3
3191,3
4808,3
3217,3
3213,3
7529,3
7516,3
7550,3
7547,3
9377,3
9368,3
5003,3
3122,3
7025,3
1904,3
1901,3
1897,3
416,3
414,3
411,3
406,3
7542,3
7539,3
7530,3
1565,3
1562,3
1559,3
3194,3
9211,3
6987,3
6984,3
9397,3
528,3
520,3
4794,3
3235,3
3234,3
1538,3
1537,3
7558,3
7546,3
9388,3
3098,3
1888,3
7029,3
6961,3
6952,3
7579,3
1534,3
1526,3
3207,3
4795,3
530,3
1912,3
6976,3
6975,3
6968,3
7002,3
7000,3
6992,3
6991,3
3700,3
3699,3
3698,3
405,3
7601,3
7599,3
7596,3
1507,3
7591,3
7582,3
3228,3
7557,3
396,3
1932,3
1925,3
6964,3
5025,3
4775,3
4774,3
4773,3
7608,3
7607,3
519,3
9202,3
9201,3
9198,3
9193,3
7606,3
5057,3
4045,3
4044,3
4043,3
1965,3
1963,3
1953,3
6903,3
3075,3
1497,3
7624,3
7622,3
7619,3
3070,3
384,3
9423,3
9419,3
1949,3
1937,3
6927,3
4031,3
4027,3
9462,3
7650,3
7632,3
7630,3
9171,3
540,3
537,3
535,3
9168,3
9166,3
9436,3
9433,3
6908,3
6906,3
6863,3
6898,3
6892,3
6852,3
4152,3
4752,3
4751,3
4750,3
4747,3
3249,3
6885,3
6875,3
6872,3
3695,3
4037,3
4035,3
362,3
360,3
7682,3
7664,3
4758,3
4148,3
4141,3
4139,3
9460,3
5082,3
5079,3
5078,3
1978,3
1972,3
1969,3
6865,3
6858,3
350,3
9159,3
9158,3
3243,3
4745,3
3265,3
1459,3
7690,3
7689,3
6851,3
6846,3
344,3
373,3
367,3
365,3
6817,3
6816,3
5091,3
2003,3
7683,3
7703,3
7699,3
1469,3
3247,3
1428,3
1427,3
7731,3
5087,3
6833,3
6862,3
6859,3
4011,3
4009,3
9472,3
9471,3
9463,3
7720,3
7717,3
7710,3
1450,3
3613,3
3609,3
3608,3
346,3
5106,3
6822,3
6818,3
2029,3
2027,3
6813,3
3035,3
9141,3
9139,3
9135,3
3256,3
1437,3
1434,3
1431,3
2002,3
6803,3
6801,3
4014,3
4013,3
2022,3
6775,3
6774,3
6793,3
4704,3
3301,3
1422,3
1416,3
7746,3
7745,3
7744,3
7774,3
1407,3
6785,3
6784,3
6779,3
9482,3
9481,3
4022,3
1401,3
7763,3
3276,3
3270,3
4714,3
1392,3
1389,3
4705,3
5128,3
5123,3
5122,3
5121,3
2024,3
6757,3
6753,3
1384,3
1382,3
1380,3
7784,3
7783,3
7782,3
7781,3
9127,3
565,3
563,3
559,3
554,3
6745,3
9500,3
2051,3
5147,3
9118,3
9116,3
3603,3
7817,3
7816,3
7802,3
7792,3
3295,3
3292,3
5143,3
5138,3
2036,3
6740,3
6771,3
2080,3
2079,3
4697,3
4693,3
4692,3
7825,3
7823,3
7820,3
3596,3
3595,3
4184,3
4174,3
4172,3
6707,3
6733,3
2054,3
6698,3
6696,3
9519,3
339,3
9110,3
9109,3
9105,3
1370,3
1365,3
1364,3
3296,3
3287,3
328,3
326,3
9511,3
6717,3
3703,3
4005,3
4002,3
9527,3
9524,3
9522,3
3317,3
3315,3
3314,3
7850,3
7876,3
7873,3
9112,3
5167,3
5157,3
5152,3
6663,3
2094,3
2089,3
2085,3
6661,3
6660,3
6658,3
6694,3
6692,3
7857,3
4681,3
4679,3
582,3
572,3
570,3
6665,3
6618,3
296,3
5189,3
3585,3
7897,3
7894,3
7889,3
1350,3
1349,3
3310,3
323,3
321,3
3026,3
3018,3
3016,3
6649,3
3983,3
4663,3
4655,3
1332,3
1321,3
2982,3
5207,3
5202,3
5200,3
2116,3
2115,3
5187,3
2098,3
6605,3
6635,3
6619,3
2142,3
7910,3
7905,3
7904,3
4201,3
4190,3
9078,3
6561,3
2968,3
6592,3
6585,3
6584,3
6581,3
2144,3
3998,3
3989,3
2158,3
2153,3
6531,3
4648,3
4640,3
3331,3
3329,3
7927,3
7924,3
1322,3
7911,3
5228,3
2997,3
2995,3
2989,3
6541,3
6498,3
6495,3
6493,3
5241,3
7955,3
7940,3
7937,3
9069,3
9053,3
9047,3
9072,3
2973,3
2969,3
6518,3
263,3
293,3
6475,3
2188,3
255,3
253,3
9591,3
9588,3
9043,3
596,3
7974,3
7973,3
7967,3
1306,3
6513,3
6511,3
6506,3
2164,3
6468,3
6467,3
6464,3
6463,3
2208,3
2961,3
2959,3
6488,3
6487,3
9608,3
7965,3
3321,3
3319,3
4625,3
4624,3
6478,3
3969,3
3727,3
9614,3
1294,3
1284,3
1283,3
1282,3
7995,3
4606,3
1298,3
9601,3
2951,3
6452,3
6446,3
6445,3
2220,3
5276,3
2964,3
6421,3
6415,3
6442,3
2227,3
1271,3
8014,3
8004,3
3562,3
3559,3
2216,3
2214,3
2211,3
6437,3
6428,3
6398,3
6397,3
235,3
9639,3
590,3
9041,3
1254,3
8028,3
8027,3
8024,3
8019,3
1279,3
1276,3
4601,3
1272,3
9611,3
2229,3
2248,3
4593,3
8042,3
8038,3
1263,3
1259,3
9036,3
9035,3
9034,3
9033,3
9023,3
9022,3
9017,3
9016,3
6401,3
3744,3
3743,3
8066,3
1240,3
8055,3
3335,3
3353,3
9633,3
6392,3
5290,3
5279,3
5278,3
6380,3
2237,3
2234,3
2232,3
6350,3
2255,3
3381,3
1220,3
1216,3
4238,3
4237,3
4235,3
4231,3
6369,3
6365,3
6363,3
2271,3
5312,3
3948,3
3748,3
2926,3
2925,3
2924,3
2918,3
2917,3
5306,3
5303,3
3571,3
8090,3
8087,3
8083,3
8081,3
5297,3
2949,3
2948,3
2260,3
9007,3
8118,3
8112,3
8109,3
8108,3
8106,3
8102,3
8097,3
3378,3
3372,3
2278,3
2276,3
199,3
9664,3
222,3
6346,3
6321,3
6313,3
6296,3
2302,3
6338,3
6334,3
5326,3
3367,3
4564,3
8132,3
8131,3
8126,3
8125,3
599,3
9009,3
9008,3
2294,3
6285,3
9691,3
9680,3
9673,3
6282,3
8989,3
8987,3
8984,3
8979,3
1190,3
1183,3
1182,3
8140,3
8136,3
201,3
5360,3
5358,3
6226,3
8163,3
1172,3
1165,3
8153,3
8149,3
8147,3
8144,3
6266,3
2316,3
2910,3
5330,3
5327,3
2930,3
6240,3
6239,3
6238,3
6232,3
3735,3
3942,3
4539,3
3396,3
3393,3
8172,3
626,3
624,3
3931,3
3762,3
6258,3
6251,3
193,3
3554,3
3550,3
8190,3
1164,3
1163,3
1158,3
2895,3
5373,3
5371,3
5369,3
5367,3
5366,3
5365,3
5347,3
6241,3
6218,3
6212,3
2352,3
3390,3
3388,3
4525,3
1138,3
1133,3
1129,3
1123,3
8218,3
8214,3
2347,3
2343,3
2342,3
195,3
2359,3
2339,3
6209,3
6207,3
3392,3
3549,3
4246,3
8963,3
8961,3
8957,3
6202,3
6200,3
6196,3
6190,3
6186,3
6221,3
6157,3
6155,3
6153,3
8239,3
8236,3
8229,3
1132,3
8954,3
5389,3
5383,3
5379,3
5374,3
2896,3
6184,3
6183,3
2366,3
2397,3
2390,3
2389,3
9722,3
8939,3
8267,3
4524,3
4517,3
4516,3
8254,3
2380,3
2377,3
2375,3
2371,3
6163,3
6161,3
649,3
8276,3
8274,3
1106,3
1101,3
1099,3
3406,3
3404,3
3398,3
633,3
2406,3
2404,3
6112,3
6140,3
6138,3
6135,3
9714,3
9712,3
9711,3
9708,3
6117,3
6116,3
2413,3
2412,3
6105,3
4503,3
4499,3
1092,3
8934,3
661,3
657,3
651,3
9727,3
9726,3
9725,3
9724,3
9723,3
9731,3
8926,3
8922,3
8917,3
8304,3
1083,3
1069,3
8301,3
4504,3
9719,3
9718,3
6108,3
2882,3
4494,3
4485,3
4480,3
4476,3
3426,3
3424,3
8318,3
8313,3
1066,3
8928,3
6104,3
6101,3
6100,3
6082,3
3917,3
171,3
169,3
9732,3
1055,3
8334,3
8328,3
8327,3
4263,3
4259,3
4251,3
8293,3
2422,3
6080,3
6076,3
5407,3
5390,3
6038,3
665,3
663,3
3417,3
4460,3
8351,3
8350,3
8348,3
8346,3
8340,3
1064,3
2879,3
2436,3
3928,3
3924,3
2480,3
5430,3
153,3
9748,3
9746,3
5429,3
1032,3
1036,3
8913,3
8907,3
3756,3
2433,3
2461,3
2456,3
2455,3
5399,3
2469,3
9754,3
8888,3
8885,3
8884,3
8883,3
693,3
8385,3
1019,3
1007,3
1006,3
8378,3
6036,3
6028,3
6026,3
6020,3
162,3
6013,3
6008,3
6006,3
6005,3
5991,3
5987,3
3907,3
3431,3
4451,3
8400,3
8398,3
8387,3
8386,3
5428,3
5421,3
5956,3
5954,3
2843,3
147,3
144,3
9803,3
996,3
8412,3
8402,3
3441,3
4441,3
8373,3
2862,3
3773,3
9759,3
9758,3
9785,3
5449,3
5446,3
2505,3
5951,3
5947,3
5972,3
5944,3
4426,3
8427,3
8423,3
8421,3
4276,3
1001,3
5960,3
5958,3
5928,3
5927,3
5923,3
120,3
9809,3
3797,3
8880,3
8877,3
8463,3
8454,3
8453,3
8447,3
8434,3
9799,3
9793,3
9792,3
3891,3
3799,3
5479,3
8473,3
973,3
5457,3
2851,3
2850,3
5919,3
5916,3
2544,3
5943,3
5940,3
5939,3
5933,3
5929,3
2576,3
8488,3
966,3
959,3
708,3
698,3
697,3
8865,3
8864,3
8859,3
4450,3
5893,3
2551,3
2550,3
125,3
3893,3
2585,3
2827,3
5485,3
9845,3
4295,3
4294,3
4421,3
4418,3
3454,3
3452,3
3449,3
8519,3
5882,3
5880,3
9835,3
129,3
9857,3
9851,3
107,3
946,3
941,3
4399,3
4396,3
5868,3
5864,3
2609,3
2607,3
5876,3
2597,3
2574,3
2563,3
2589,3
5487,3
2834,3
2621,3
2618,3
2604,3
5817,3
3468,3
932,3
8528,3
8525,3
8522,3
5838,3
5835,3
2624,3
104,3
9860,3
5809,3
5794,3
5792,3
3866,3
116,3
115,3
108,3
88,3
8537,3
8531,3
3538,3
3535,3
106,3
2623,3
5500,3
5493,3
8555,3
8554,3
3465,3
3463,3
4390,3
3512,3
3510,3
4311,3
8539,3
2806,3
5516,3
2639,3
2638,3
2637,3
5784,3
5814,3
5775,3
5768,3
9876,3
9872,3
9865,3
4304,3
4301,3
8581,3
890,3
887,3
883,3
882,3
876,3
8576,3
8567,3
8564,3
732,3
8561,3
3490,3
3489,3
3488,3
3480,3
4375,3
4368,3
849,3
4307,3
5759,3
5748,3
5791,3
5785,3
5783,3
5780,3
2791,3
5533,3
5524,3
5521,3
5520,3
2818,3
5733,3
2658,3
860,3
858,3
717,3
8826,3
8824,3
8822,3
738,3
736,3
5537,3
5709,3
2671,3
2659,3
8635,3
8632,3
8625,3
8621,3
8653,3
8651,3
5717,3
5716,3
2779,3
3855,3
3813,3
3812,3
5697,3
5692,3
5691,3
5690,3
5683,3
2774,3
829,3
825,3
8641,3
8637,3
727,3
8813,3
8812,3
8811,3
8806,3
5542,3
81,3
2697,3
5674,3
5672,3
5670,3
5563,3
8801,3
8800,3
8796,3
8792,3
3495,3
4360,3
4355,3
8661,3
8657,3
8655,3
8775,3
4348,3
8673,3
8669,3
8665,3
8703,3
8694,3
8687,3
8802,3
5556,3
2783,3
5656,3
9926,3
9925,3
9918,3
9913,3
5653,3
5649,3
2721,3
2717,3
2716,3
2709,3
5639,3
5628,3
8675,3
8789,3
758,3
756,3
753,3
743,3
8786,3
8782,3
2732,3
2730,3
2725,3
4341,3
4334,3
8716,3
4315,3
3520,3
8733,3
8686,3
2752,3
9943,3
9933,3
9932,3
62,3
53,3
9293,3
49,3
47,3
45,3
44,3
2769,3
9976,3
9970,3
33,3
15,3
3828,3
5609,3
5608,3
5607,3
5601,3
5591,3
4892,3
7284,3
7280,3
1719,3
1713,3
7304,3
7300,3
3657,3
3656,3
3655,3
4104,3
4101,3
4099,3
4095,3
459,3
458,3
9987,2
9988,2
3805,2
29,2
9963,2
3844,2
3807,2
9946,2
9995,2
2726,2
5629,2
2768,2
9939,2
55,2
2711,2
2710,2
5646,2
5642,2
5570,2
5566,2
2786,2
5662,2
5660,2
4320,2
4316,2
4314,2
3523,2
3522,2
3521,2
8732,2
799,2
8699,2
8698,2
8677,2
8787,2
757,2
746,2
8781,2
8777,2
4336,2
4335,2
4332,2
8715,2
8714,2
8798,2
3500,2
4358,2
8660,2
822,2
817,2
813,2
809,2
8672,2
8666,2
8700,2
9920,2
9903,2
2704,2
2703,2
5686,2
2802,2
5711,2
5707,2
2663,2
2661,2
868,2
867,2
866,2
865,2
863,2
3491,2
715,2
714,2
728,2
8616,2
8647,2
8549,2
719,2
8586,2
8570,2
905,2
3484,2
3481,2
3509,2
856,2
8592,2
8599,2
3858,2
3856,2
9892,2
2790,2
5523,2
5736,2
2655,2
2645,2
2643,2
2629,2
8532,2
3447,2
4409,2
4406,2
4403,2
4402,2
4292,2
4289,2
3539,2
8850,2
8842,2
726,2
899,2
8558,2
8552,2
8478,2
706,2
8860,2
8857,2
4425,2
4422,2
3461,2
8494,2
944,2
943,2
3477,2
8527,2
4388,2
4278,2
8882,2
8457,2
8456,2
981,2
980,2
975,2
8487,2
8481,2
965,2
956,2
5766,2
5765,2
9871,2
101,2
92,2
3795,2
2804,2
5506,2
2614,2
5823,2
5804,2
5795,2
8903,2
8897,2
692,2
8382,2
8374,2
3430,2
999,2
997,2
4439,2
8428,2
4264,2
4254,2
674,2
669,2
4458,2
8347,2
8344,2
8367,2
8358,2
8357,2
1043,2
8911,2
1085,2
1084,2
8927,2
8307,2
8300,2
8288,2
8324,2
4483,2
1067,2
1061,2
1059,2
8335,2
3794,2
3791,2
3789,2
3879,2
111,2
105,2
5496,2
5489,2
2620,2
2596,2
2595,2
5839,2
635,2
634,2
8937,2
4523,2
4512,2
8265,2
1116,2
1113,2
1111,2
1103,2
1102,2
4495,2
1139,2
4247,2
4244,2
4242,2
8960,2
8958,2
8246,2
8237,2
8231,2
8223,2
645,2
5826,2
103,2
102,2
9863,2
9861,2
9848,2
9842,2
5845,2
5844,2
5843,2
2584,2
2823,2
5481,2
627,2
618,2
8194,2
8186,2
1159,2
4558,2
3391,2
3389,2
3384,2
1127,2
1125,2
9001,2
1189,2
1188,2
1184,2
8162,2
1174,2
1170,2
8150,2
629,2
4221,2
4220,2
608,2
8096,2
1209,2
1199,2
8122,2
4565,2
607,2
5480,2
5478,2
5472,2
9839,2
9838,2
9837,2
9825,2
9824,2
131,2
5901,2
5896,2
2561,2
8036,2
9038,2
9031,2
9030,2
8075,2
1232,2
4581,2
1226,2
614,2
2548,2
3886,2
3800,2
3798,2
5458,2
2845,2
2520,2
5942,2
5926,2
5922,2
5470,2
118,2
8009,2
4202,2
589,2
8020,2
4616,2
4595,2
4591,2
4586,2
3362,2
9054,2
9051,2
9048,2
7970,2
1304,2
1303,2
4621,2
1293,2
1285,2
4607,2
3342,2
3341,2
9814,2
9812,2
9811,2
2837,2
5451,2
5443,2
2868,2
2507,2
2506,2
5968,2
5964,2
4188,2
9079,2
9076,2
7930,2
1327,2
7960,2
7959,2
7954,2
7948,2
7936,2
7860,2
4682,2
9096,2
574,2
7899,2
7892,2
7887,2
1353,2
1348,2
3309,2
3303,2
7900,2
1314,2
3591,2
4176,2
9099,2
7841,2
1376,2
1371,2
7833,2
4668,2
7856,2
7846,2
7845,2
5961,2
2513,2
136,2
3898,2
2497,2
2866,2
2860,2
2854,2
2483,2
3780,2
556,2
9115,2
9114,2
3602,2
7812,2
7807,2
7805,2
7804,2
7803,2
7796,2
7794,2
3294,2
3290,2
4698,2
7819,2
4160,2
3620,2
4730,2
4724,2
4715,2
1435,2
1410,2
7756,2
7750,2
1395,2
1383,2
7789,2
564,2
3637,2
9160,2
9149,2
3240,2
3239,2
4742,2
7687,2
1442,2
1467,2
1465,2
1426,2
7711,2
9768,2
9760,2
2465,2
6010,2
5989,2
5986,2
5415,2
5408,2
2470,2
6037,2
6029,2
6027,2
7636,2
7635,2
548,2
9167,2
9165,2
4749,2
7676,2
7662,2
1488,2
1487,2
1480,2
4764,2
4137,2
9192,2
1504,2
1501,2
1494,2
1493,2
1491,2
7620,2
7614,2
7653,2
7646,2
7640,2
9213,2
9212,2
526,2
4791,2
4785,2
3237,2
7575,2
1515,2
7587,2
3227,2
4777,2
158,2
150,2
9743,2
9742,2
6050,2
2464,2
2463,2
2454,2
2453,2
5403,2
7494,2
4822,2
3626,2
1581,2
4806,2
4801,2
3216,2
7551,2
7536,2
7535,2
7534,2
503,2
3643,2
9224,2
9222,2
514,2
7470,2
1616,2
4821,2
3204,2
1597,2
1593,2
1592,2
1589,2
5392,2
2881,2
2441,2
2439,2
170,2
9733,2
2419,2
6078,2
6072,2
6107,2
6095,2
9721,2
9263,2
9241,2
4854,2
4851,2
7406,2
1619,2
7433,2
7423,2
3182,2
4838,2
4835,2
4832,2
7449,2
1671,2
9278,2
9272,2
502,2
1654,2
1653,2
1649,2
7391,2
7383,2
4871,2
1657,2
484,2
482,2
479,2
471,2
9283,2
1691,2
1689,2
4886,2
3167,2
3165,2
1679,2
1676,2
1673,2
1721,2
1717,2
3665,2
3661,2
3654,2
9294,2
1708,2
1706,2
1699,2
7316,2
7314,2
6125,2
6123,2
2407,2
6142,2
6136,2
6131,2
2379,2
6158,2
2873,2
5381,2
6182,2
6185,2
439,2
438,2
9315,2
9308,2
7279,2
7278,2
7269,2
7282,2
7312,2
4924,2
7209,2
9316,2
7229,2
7259,2
7257,2
4918,2
447,2
6213,2
9706,2
197,2
196,2
192,2
2890,2
5346,2
2912,2
2331,2
2322,2
6242,2
436,2
434,2
9344,2
9336,2
4091,2
7176,2
7169,2
7199,2
7193,2
7185,2
7213,2
4938,2
4925,2
1852,2
3140,2
7137,2
1836,2
4968,2
7160,2
7157,2
7153,2
7150,2
1822,2
3132,2
3940,2
3939,2
3937,2
2307,2
6257,2
6246,2
2335,2
5356,2
5349,2
6284,2
6281,2
6280,2
2315,2
5338,2
6292,2
408,2
5007,2
5002,2
4999,2
3125,2
1863,2
1871,2
4979,2
7104,2
7093,2
7088,2
7081,2
6988,2
395,2
9405,2
9399,2
5018,2
1894,2
1891,2
1889,2
7012,2
1878,2
7030,2
7024,2
4051,2
4042,2
1936,2
1934,2
1917,2
6982,2
7008,2
7001,2
6997,2
6995,2
9692,2
9686,2
9682,2
9676,2
211,2
209,2
6322,2
6318,2
6315,2
6309,2
6304,2
6302,2
6294,2
6330,2
2283,2
6919,2
9432,2
388,2
386,2
9415,2
5044,2
5043,2
5037,2
3090,2
6958,2
6953,2
6940,2
9457,2
4032,2
9448,2
9447,2
1967,2
1964,2
1954,2
6902,2
6901,2
3074,2
3073,2
3066,2
1995,2
5096,2
5093,2
345,2
370,2
5073,2
5072,2
5070,2
6893,2
1982,2
200,2
9656,2
9648,2
221,2
2923,2
2920,2
5319,2
5309,2
6357,2
6367,2
2014,2
2008,2
2006,2
4012,2
9477,2
9465,2
357,2
5108,2
5105,2
6823,2
6838,2
6826,2
6861,2
6765,2
6749,2
9498,2
9496,2
9491,2
4015,2
3036,2
2018,2
3038,2
3037,2
6812,2
6811,2
9514,2
9513,2
327,2
6715,2
2074,2
2067,2
6732,2
2052,2
2050,2
5136,2
6742,2
6772,2
6770,2
6364,2
3958,2
3957,2
3953,2
3745,2
215,2
2945,2
6386,2
6378,2
6376,2
6408,2
6406,2
2235,2
6677,2
6676,2
6669,2
6666,2
6664,2
3707,2
4004,2
314,2
310,2
5159,2
5158,2
5155,2
5151,2
6703,2
9517,2
300,2
298,2
9531,2
6656,2
3015,2
2096,2
2086,2
2081,2
6659,2
6684,2
6678,2
6574,2
3987,2
3984,2
283,2
280,2
5204,2
5203,2
6607,2
6638,2
6615,2
3003,2
301,2
6521,2
274,2
272,2
9572,2
6537,2
2152,2
6525,2
5225,2
2992,2
6551,2
6543,2
6557,2
6577,2
6402,2
238,2
5274,2
2963,2
6420,2
6439,2
2224,2
2217,2
6436,2
6434,2
6432,2
2183,2
250,2
9590,2
9589,2
9582,2
6507,2
2176,2
2165,2
5239,2
5232,2
3971,2
3722,2
9598,2
5254,2
2197,2
2204,2
6492,2
779,2
3841,2
39,2
5604,2
5598,2
5594,2
5592,2
5590,2
5588,2
2757,2
2755,2
2747,2
5634,2
2731,2
795,2
791,2
8719,2
8767,2
8763,2
770,2
769,2
766,2
765,2
762,2
8750,2
8748,2
8747,2
789,2
3826,1
759,1
4353,1
2737,1
3832,1
2186,1
6469,1
2177,1
2181,1
2194,1
5248,1
5255,1
3726,1
3972,1
4342,1
8818,1
8815,1
8807,1
4359,1
8709,1
9902,1
2702,1
2700,1
2696,1
5698,1
5549,1
8634,1
853,1
8652,1
836,1
9480,1
4019,1
6783,1
6734,1
6723,1
3045,1
6361,1
2937,1
2936,1
6702,1
3024,1
3021,1
3019,1
6690,1
6680,1
6575,1
343,1
5083,1
5069,1
6886,1
6882,1
1980,1
2281,1
6325,1
9662,1
9658,1
2257,1
6371,1
5101,1
6841,1
1996,1
2048,1
1898,1
6937,1
5055,1
4055,1
1933,1
1928,1
1919,1
208,1
5066,1
381,1
5040,1
1943,1
4033,1
3067,1
3065,1
3064,1
1780,1
7190,1
4927,1
4960,1
3134,1
7110,1
7128,1
4945,1
3736,1
9370,1
3121,1
1844,1
7091,1
9393,1
3103,1
7026,1
7297,1
1724,1
1722,1
4079,1
9322,1
7222,1
7215,1
3155,1
1746,1
7254,1
7253,1
2885,1
6224,1
5342,1
2914,1
9698,1
7343,1
7331,1
1694,1
1718,1
1716,1
4096,1
7320,1
7318,1
2391,1
6152,1
6219,1
6214,1
9313,1
464,1
1737,1
7265,1
7490,1
7472,1
7471,1
1595,1
167,1
9730,1
2446,1
6097,1
9267,1
3186,1
1601,1
1695,1
494,1
488,1
7386,1
4870,1
7637,1
1525,1
7565,1
7593,1
3232,1
3231,1
151,1
9736,1
6060,1
2460,1
2457,1
5397,1
7497,1
4129,1
7513,1
7522,1
4717,1
1446,1
7706,1
7697,1
7740,1
9753,1
9752,1
5995,1
2467,1
542,1
7656,1
4766,1
9200,1
9175,1
7655,1
7645,1
9084,1
7915,1
1373,1
1372,1
7849,1
7872,1
7863,1
9773,1
9771,1
3782,1
5434,1
2490,1
2482,1
3592,1
1454,1
9129,1
9050,1
3318,1
4631,1
7992,1
5440,1
5978,1
5975,1
5966,1
5962,1
1337,1
3583,1
3576,1
4185,1
9071,1
7921,1
9087,1
8068,1
8063,1
8056,1
8050,1
3334,1
2547,1
3889,1
3884,1
2524,1
3561,1
3558,1
4206,1
1255,1
8025,1
4600,1
3360,1
4546,1
1149,1
8171,1
4234,1
4224,1
3572,1
1214,1
8119,1
8111,1
4563,1
5879,1
2536,1
5903,1
5899,1
8031,1
9027,1
1122,1
1117,1
8247,1
8230,1
5860,1
5847,1
2831,1
625,1
4557,1
4531,1
1137,1
8200,1
600,1
8985,1
1195,1
1187,1
8361,1
1048,1
3423,1
1078,1
8303,1
4479,1
1062,1
3869,1
2836,1
2601,1
5834,1
8261,1
8271,1
3403,1
3401,1
1124,1
4281,1
972,1
8455,1
969,1
962,1
9874,1
97,1
5509,1
2815,1
1012,1
1010,1
1008,1
3440,1
8419,1
3527,1
4468,1
8639,1
8548,1
8582,1
901,1
840,1
8603,1
5726,1
3811,1
5528,1
5762,1
5786,1
5771,1
4284,1
703,1
8500,1
8533,1
2978,1
3827,1
3824,1
2770,1
9931,1
5640,1
8774,1
4331,1
4328,1
4327,1
4326,1
3519,1
8725,1
8724,1
8696,1
750,1
3992,1
281,1
6612,1
286,1
6528,1
6578,1
233,1
9623,1
9618,1
5263,1
2962,1
257,1
9586,1
6512,1
6501,1
5246,1
